m0;10 things i hate about you;1999;6.90;62847;comedy
m0;10 things i hate about you;1999;6.90;62847;romance
m1;1492: conquest of paradise;1992;6.20;10421;adventure
m1;1492: conquest of paradise;1992;6.20;10421;biography
m1;1492: conquest of paradise;1992;6.20;10421;drama
m1;1492: conquest of paradise;1992;6.20;10421;history
m2;15 minutes;2001;6.10;25854;action
m2;15 minutes;2001;6.10;25854;crime
m2;15 minutes;2001;6.10;25854;drama
m2;15 minutes;2001;6.10;25854;thriller
m3;2001: a space odyssey;1968;8.40;163227;adventure
m3;2001: a space odyssey;1968;8.40;163227;mystery
m3;2001: a space odyssey;1968;8.40;163227;sci-fi
m4;48 hrs.;1982;6.90;22289;action
m4;48 hrs.;1982;6.90;22289;comedy
m4;48 hrs.;1982;6.90;22289;crime
m4;48 hrs.;1982;6.90;22289;drama
m4;48 hrs.;1982;6.90;22289;thriller
m5;the fifth element;1997;7.50;133756;action
m5;the fifth element;1997;7.50;133756;adventure
m5;the fifth element;1997;7.50;133756;romance
m5;the fifth element;1997;7.50;133756;sci-fi
m5;the fifth element;1997;7.50;133756;thriller
m6;8mm;1999;6.30;48212;crime
m6;8mm;1999;6.30;48212;mystery
m6;8mm;1999;6.30;48212;thriller
m7;a nightmare on elm street 4: the dream master;1988;5.20;13590;fantasy
m7;a nightmare on elm street 4: the dream master;1988;5.20;13590;horror
m7;a nightmare on elm street 4: the dream master;1988;5.20;13590;thriller
m8;a nightmare on elm street: the dream child;1989;4.70;11092;fantasy
m8;a nightmare on elm street: the dream child;1989;4.70;11092;horror
m8;a nightmare on elm street: the dream child;1989;4.70;11092;thriller
m9;the atomic submarine;1959;4.90;513;sci-fi
m9;the atomic submarine;1959;4.90;513;thriller
m10;affliction;1997;6.90;7252;drama
m10;affliction;1997;6.90;7252;mystery
m10;affliction;1997;6.90;7252;thriller
m11;air force one;1997;6.30;61978;action
m11;air force one;1997;6.30;61978;drama
m11;air force one;1997;6.30;61978;thriller
m12;airplane ii: the sequel;1982;5.80;15210;comedy
m12;airplane ii: the sequel;1982;5.80;15210;romance
m12;airplane ii: the sequel;1982;5.80;15210;sci-fi
m13;airplane!;1980;7.80;57692;comedy
m13;airplane!;1980;7.80;57692;romance
m14;alien nation;1988;6.10;5590;crime
m14;alien nation;1988;6.10;5590;drama
m14;alien nation;1988;6.10;5590;sci-fi
m14;alien nation;1988;6.10;5590;thriller
m15;aliens;1986;8.50;173518;action
m15;aliens;1986;8.50;173518;sci-fi
m15;aliens;1986;8.50;173518;thriller
m16;amadeus;1984;8.40;99138;biography
m16;amadeus;1984;8.40;99138;drama
m16;amadeus;1984;8.40;99138;music
m17;an american werewolf in london;1981;7.50;24443;horror
m17;an american werewolf in london;1981;7.50;24443;romance
m18;american madness;1932;7.40;702;drama
m19;american outlaws;2001;5.70;7425;action
m19;american outlaws;2001;5.70;7425;western
m20;american psycho;2000;7.40;101357;drama
m20;american psycho;2000;7.40;101357;thriller
m21;antitrust;2001;6.00;16453;drama
m21;antitrust;2001;6.00;16453;thriller
m22;austin powers: international man of mystery;1997;7.10;75240;action
m22;austin powers: international man of mystery;1997;7.10;75240;adventure
m22;austin powers: international man of mystery;1997;7.10;75240;comedy
m22;austin powers: international man of mystery;1997;7.10;75240;crime
m23;the avengers;1998;3.40;21519;action
m23;the avengers;1998;3.40;21519;adventure
m23;the avengers;1998;3.40;21519;thriller
m24;bachelor party;1984;5.90;14050;comedy
m24;bachelor party;1984;5.90;14050;romance
m25;backdraft;1991;6.60;28541;action
m25;backdraft;1991;6.60;28541;crime
m25;backdraft;1991;6.60;28541;drama
m25;backdraft;1991;6.60;28541;mystery
m25;backdraft;1991;6.60;28541;thriller
m26;bad lieutenant;1992;6.90;13908;crime
m26;bad lieutenant;1992;6.90;13908;drama
m27;bamboozled;2000;6.30;5995;comedy
m27;bamboozled;2000;6.30;5995;drama
m27;bamboozled;2000;6.30;5995;music
m28;barry lyndon;1975;8.10;40622;drama
m28;barry lyndon;1975;8.10;40622;romance
m28;barry lyndon;1975;8.10;40622;war
m29;basic;2003;6.30;26295;crime
m29;basic;2003;6.30;26295;drama
m29;basic;2003;6.30;26295;mystery
m29;basic;2003;6.30;26295;thriller
m30;big fish;2003;8.10;144264;adventure
m30;big fish;2003;8.10;144264;drama
m30;big fish;2003;8.10;144264;fantasy
m31;birthday girl;2001;6.00;13497;comedy
m31;birthday girl;2001;6.00;13497;crime
m31;birthday girl;2001;6.00;13497;romance
m31;birthday girl;2001;6.00;13497;thriller
m32;black snake moan;2006;7.10;28509;drama
m33;black rain;1989;6.40;16249;action
m33;black rain;1989;6.40;16249;crime
m33;black rain;1989;6.40;16249;drama
m33;black rain;1989;6.40;16249;thriller
m34;blade runner;1982;8.30;188735;drama
m34;blade runner;1982;8.30;188735;sci-fi
m34;blade runner;1982;8.30;188735;thriller
m35;blast from the past;1999;6.40;23489;comedy
m35;blast from the past;1999;6.40;23489;drama
m35;blast from the past;1999;6.40;23489;romance
m36;blue velvet;1986;7.80;54576;crime
m36;blue velvet;1986;7.80;54576;mystery
m36;blue velvet;1986;7.80;54576;thriller
m37;the boondock saints;1999;7.80;87895;action
m37;the boondock saints;1999;7.80;87895;crime
m37;the boondock saints;1999;7.80;87895;drama
m37;the boondock saints;1999;7.80;87895;thriller
m38;bottle rocket;1996;7.20;22303;comedy
m38;bottle rocket;1996;7.20;22303;crime
m39;the bourne supremacy;2004;7.60;106349;action
m39;the bourne supremacy;2004;7.60;106349;adventure
m39;the bourne supremacy;2004;7.60;106349;mystery
m39;the bourne supremacy;2004;7.60;106349;thriller
m40;braveheart;1995;8.40;245652;action
m40;braveheart;1995;8.40;245652;biography
m40;braveheart;1995;8.40;245652;drama
m40;braveheart;1995;8.40;245652;history
m40;braveheart;1995;8.40;245652;war
m41;the butterfly effect;2004;7.80;104917;drama
m41;the butterfly effect;2004;7.80;104917;mystery
m41;the butterfly effect;2004;7.80;104917;sci-fi
m41;the butterfly effect;2004;7.80;104917;thriller
m42;casablanca;1942;8.80;170874;drama
m42;casablanca;1942;8.80;170874;romance
m42;casablanca;1942;8.80;170874;war
m43;cast away;2000;7.50;104477;adventure
m43;cast away;2000;7.50;104477;drama
m44;the cider house rules;1999;7.50;38836;drama
m44;the cider house rules;1999;7.50;38836;romance
m45;confidence;2003;6.80;17235;crime
m45;confidence;2003;6.80;17235;thriller
m46;croupier;1998;7.20;9060;crime
m46;croupier;1998;7.20;9060;drama
m47;dark star;1974;6.50;8303;comedy
m47;dark star;1974;6.50;8303;sci-fi
m47;dark star;1974;6.50;8303;thriller
m48;dark angel;1990;5.30;3452;action
m48;dark angel;1990;5.30;3452;crime
m48;dark angel;1990;5.30;3452;drama
m48;dark angel;1990;5.30;3452;horror
m48;dark angel;1990;5.30;3452;sci-fi
m48;dark angel;1990;5.30;3452;thriller
m49;detroit rock city;1999;6.50;14666;comedy
m49;detroit rock city;1999;6.50;14666;music
m50;donnie darko;2001;8.30;215194;drama
m50;donnie darko;2001;8.30;215194;mystery
m50;donnie darko;2001;8.30;215194;sci-fi
m51;drop dead gorgeous;1999;6.30;16417;comedy
m51;drop dead gorgeous;1999;6.30;16417;adult
m52;duck soup;1933;8.10;27112;comedy
m52;duck soup;1933;8.10;27112;musical
m53;the elephant man;1980;8.40;59625;biography
m53;the elephant man;1980;8.40;59625;drama
m53;the elephant man;1980;8.40;59625;history
m54;erik the viking;1989;5.90;5889;comedy
m54;erik the viking;1989;5.90;5889;adventure
m54;erik the viking;1989;5.90;5889;fantasy
m55;eternal sunshine of the spotless mind;2004;8.50;224838;drama
m55;eternal sunshine of the spotless mind;2004;8.50;224838;romance
m55;eternal sunshine of the spotless mind;2004;8.50;224838;sci-fi
m56;even cowgirls get the blues;1993;4.00;3947;comedy
m56;even cowgirls get the blues;1993;4.00;3947;drama
m56;even cowgirls get the blues;1993;4.00;3947;romance
m56;even cowgirls get the blues;1993;4.00;3947;western
m57;event horizon;1997;6.40;45497;horror
m57;event horizon;1997;6.40;45497;mystery
m57;event horizon;1997;6.40;45497;mystery
m57;event horizon;1997;6.40;45497;sci-fi
m57;event horizon;1997;6.40;45497;sci-fi
m58;fantastic four;2005;5.70;72581;action
m58;fantastic four;2005;5.70;72581;adventure
m58;fantastic four;2005;5.70;72581;fantasy
m58;fantastic four;2005;5.70;72581;sci-fi
m58;fantastic four;2005;5.70;72581;fantasy
m59;fast times at ridgemont high;1982;7.20;31710;comedy
m59;fast times at ridgemont high;1982;7.20;31710;drama
m59;fast times at ridgemont high;1982;7.20;31710;romance
m60;fear and loathing in las vegas;1998;7.60;82748;drama
m60;fear and loathing in las vegas;1998;7.60;82748;fantasy
m61;feast;2005;6.40;12248;action
m61;feast;2005;6.40;12248;comedy
m61;feast;2005;6.40;12248;horror
m61;feast;2005;6.40;12248;thriller
m62;frances;1982;7.20;2756;biography
m62;frances;1982;7.20;2756;drama
m63;frankenstein;1931;8.00;23522;drama
m63;frankenstein;1931;8.00;23522;horror
m63;frankenstein;1931;8.00;23522;sci-fi
m64;friday the 13th;2009;5.60;27499;horror
m65;from dusk till dawn;1996;7.10;81559;action
m65;from dusk till dawn;1996;7.10;81559;crime
m65;from dusk till dawn;1996;7.10;81559;horror
m65;from dusk till dawn;1996;7.10;81559;thriller
m66;g.i. jane;1997;5.60;24068;action
m66;g.i. jane;1997;5.60;24068;drama
m67;godzilla;1998;4.90;60310;action
m67;godzilla;1998;4.90;60310;horror
m67;godzilla;1998;4.90;60310;sci-fi
m67;godzilla;1998;4.90;60310;thriller
m68;galaxy quest;1999;7.20;53004;action
m68;galaxy quest;1999;7.20;53004;adventure
m68;galaxy quest;1999;7.20;53004;comedy
m68;galaxy quest;1999;7.20;53004;sci-fi
m69;george washington;2000;7.50;3142;drama
m70;get shorty;1995;6.90;33588;comedy
m70;get shorty;1995;6.90;33588;crime
m70;get shorty;1995;6.90;33588;thriller
m71;ghost ship;2002;5.30;26413;horror
m71;ghost ship;2002;5.30;26413;mystery
m71;ghost ship;2002;5.30;26413;thriller
m72;ghost world;2001;7.70;43550;comedy
m72;ghost world;2001;7.70;43550;drama
m73;the ghost and the darkness;1996;6.60;19954;adventure
m73;the ghost and the darkness;1996;6.60;19954;drama
m73;the ghost and the darkness;1996;6.60;19954;thriller
m74;ghostbusters ii;1989;6.10;45450;action
m74;ghostbusters ii;1989;6.10;45450;adventure
m74;ghostbusters ii;1989;6.10;45450;comedy
m74;ghostbusters ii;1989;6.10;45450;fantasy
m74;ghostbusters ii;1989;6.10;45450;sci-fi
m74;ghostbusters ii;1989;6.10;45450;action
m74;ghostbusters ii;1989;6.10;45450;adventure
m74;ghostbusters ii;1989;6.10;45450;comedy
m74;ghostbusters ii;1989;6.10;45450;sci-fi
m75;ghostbusters;1986;6.90;237;animation
m75;ghostbusters;1986;6.90;237;comedy
m75;ghostbusters;1986;6.90;237;fantasy
m75;ghostbusters;1986;6.90;237;sci-fi
m75;ghostbusters;1986;6.90;237;horror
m76;gladiator;2000;8.40;286067;action
m76;gladiator;2000;8.40;286067;adventure
m76;gladiator;2000;8.40;286067;drama
m77;the graduate;1967;8.20;79677;comedy
m77;the graduate;1967;8.20;79677;drama
m77;the graduate;1967;8.20;79677;romance
m78;grand hotel;1932;7.70;6088;drama
m78;grand hotel;1932;7.70;6088;romance
m79;the grifters;1990;7.00;11481;crime
m79;the grifters;1990;7.00;11481;drama
m79;the grifters;1990;7.00;11481;thriller
m80;halloween h20: 20 years later;1998;5.40;22353;drama
m80;halloween h20: 20 years later;1998;5.40;22353;horror
m80;halloween h20: 20 years later;1998;5.40;22353;thriller
m81;halloween: the curse of michael myers;1995;4.50;8743;horror
m81;halloween: the curse of michael myers;1995;4.50;8743;thriller
m82;happy birthday, wanda june;1971;5.80;144;comedy
m82;happy birthday, wanda june;1971;5.80;144;drama
m83;hardcore;1979;6.70;2455;drama
m84;harold and maude;1971;8.10;28689;comedy
m84;harold and maude;1971;8.10;28689;romance
m85;hellbound: hellraiser ii;1988;6.20;11273;drama
m85;hellbound: hellraiser ii;1988;6.20;11273;horror
m85;hellbound: hellraiser ii;1988;6.20;11273;thriller
m86;hellboy;2004;6.80;68619;action
m86;hellboy;2004;6.80;68619;adventure
m86;hellboy;2004;6.80;68619;fantasy
m87;hellraiser;1987;7.00;22922;horror
m88;high fidelity;2000;7.60;70464;comedy
m88;high fidelity;2000;7.60;70464;drama
m88;high fidelity;2000;7.60;70464;music
m88;high fidelity;2000;7.60;70464;romance
m89;highlander;1986;7.20;41243;action
m89;highlander;1986;7.20;41243;fantasy
m90;his girl friday;1940;8.10;20870;comedy
m90;his girl friday;1940;8.10;20870;drama
m90;his girl friday;1940;8.10;20870;romance
m91;hope and glory;1987;7.40;4965;drama
m91;hope and glory;1987;7.40;4965;war
m92;house of 1000 corpses;2003;5.60;27033;horror
m93;human nature;2001;6.30;10017;comedy
m93;human nature;2001;6.30;10017;drama
m94;the hustler;1961;8.20;25871;drama
m94;the hustler;1961;8.20;25871;romance
m94;the hustler;1961;8.20;25871;sport
m95;i am legend;2007;7.10;156084;drama
m95;i am legend;2007;7.10;156084;sci-fi
m95;i am legend;2007;7.10;156084;thriller
m96;invaders from mars;1953;6.40;2115;horror
m96;invaders from mars;1953;6.40;2115;sci-fi
m97;independence day;1996;6.60;151698;action
m97;independence day;1996;6.60;151698;adventure
m97;independence day;1996;6.60;151698;sci-fi
m97;independence day;1996;6.60;151698;thriller
m98;indiana jones and the last crusade;1989;8.30;174947;action
m98;indiana jones and the last crusade;1989;8.30;174947;adventure
m98;indiana jones and the last crusade;1989;8.30;174947;thriller
m98;indiana jones and the last crusade;1989;8.30;174947;action
m98;indiana jones and the last crusade;1989;8.30;174947;adventure
m98;indiana jones and the last crusade;1989;8.30;174947;fantasy
m99;indiana jones and the temple of doom;1984;7.50;112054;action
m99;indiana jones and the temple of doom;1984;7.50;112054;adventure
m100;innerspace;1987;6.50;16854;action
m100;innerspace;1987;6.50;16854;adventure
m100;innerspace;1987;6.50;16854;comedy
m100;innerspace;1987;6.50;16854;crime
m100;innerspace;1987;6.50;16854;sci-fi
m101;the insider;1999;8.00;69660;biography
m101;the insider;1999;8.00;69660;drama
m101;the insider;1999;8.00;69660;thriller
m102;intolerable cruelty;2003;6.40;36739;comedy
m102;intolerable cruelty;2003;6.40;36739;romance
m102;intolerable cruelty;2003;6.40;36739;crime
m103;it happened one night;1934;8.30;25577;comedy
m103;it happened one night;1934;8.30;25577;romance
m104;jfk;1991;8.00;60406;biography
m104;jfk;1991;8.00;60406;drama
m104;jfk;1991;8.00;60406;history
m104;jfk;1991;8.00;60406;mystery
m104;jfk;1991;8.00;60406;thriller
m105;jackie brown;1997;7.60;85496;crime
m105;jackie brown;1997;7.60;85496;drama
m105;jackie brown;1997;7.60;85496;thriller
m106;jacob's ladder;1990;7.50;29182;drama
m106;jacob's ladder;1990;7.50;29182;mystery
m106;jacob's ladder;1990;7.50;29182;thriller
m107;jason x;2001;4.40;18199;horror
m107;jason x;2001;4.40;18199;sci-fi
m108;jaws;1975;8.30;140982;thriller
m109;juno;2007;7.90;152436;comedy
m109;juno;2007;7.90;152436;drama
m110;kalifornia;1993;6.70;21830;crime
m110;kalifornia;1993;6.70;21830;drama
m110;kalifornia;1993;6.70;21830;thriller
m111;kids;1995;6.80;26546;crime
m111;kids;1995;6.80;26546;drama
m112;knight moves;1992;5.80;3272;mystery
m112;knight moves;1992;5.80;3272;thriller
m113;krull;1983;5.90;8246;fantasy
m113;krull;1983;5.90;8246;action
m113;krull;1983;5.90;8246;adventure
m113;krull;1983;5.90;8246;sci-fi
m114;léon;1994;8.60;204901;crime
m114;léon;1994;8.60;204901;drama
m114;léon;1994;8.60;204901;thriller
m115;labor of love;1998;4.50;45;
m116;leaving las vegas;1995;7.60;42919;drama
m116;leaving las vegas;1995;7.60;42919;romance
m117;legally blonde;2001;6.20;44558;comedy
m118;legend;1985;6.20;20907;fantasy
m118;legend;1985;6.20;20907;adventure
m118;legend;1985;6.20;20907;romance
m119;life as a house;2001;7.50;19468;drama
m119;life as a house;2001;7.50;19468;romance
m120;the life of david gale;2003;7.30;38237;drama
m120;the life of david gale;2003;7.30;38237;crime
m120;the life of david gale;2003;7.30;38237;thriller
m121;little nicky;2000;5.00;35489;fantasy
m121;little nicky;2000;5.00;35489;comedy
m121;little nicky;2000;5.00;35489;romance
m121;little nicky;2000;5.00;35489;animation
m121;little nicky;2000;5.00;35489;comedy
m121;little nicky;2000;5.00;35489;fantasy
m121;little nicky;2000;5.00;35489;horror
m122;logan's run;1976;6.70;15152;action
m122;logan's run;1976;6.70;15152;sci-fi
m123;lost highway;1997;7.60;42998;drama
m123;lost highway;1997;7.60;42998;horror
m123;lost highway;1997;7.60;42998;mystery
m123;lost highway;1997;7.60;42998;thriller
m124;lost horizon;1937;7.80;5509;adventure
m124;lost horizon;1937;7.80;5509;drama
m124;lost horizon;1937;7.80;5509;fantasy
m124;lost horizon;1937;7.80;5509;mystery
m125;men in black;1997;7.00;121719;action
m125;men in black;1997;7.00;121719;adventure
m125;men in black;1997;7.00;121719;comedy
m125;men in black;1997;7.00;121719;sci-fi
m126;minority report;2002;7.70;137009;action
m126;minority report;2002;7.70;137009;crime
m126;minority report;2002;7.70;137009;mystery
m126;minority report;2002;7.70;137009;sci-fi
m126;minority report;2002;7.70;137009;thriller
m126;minority report;2002;7.70;137009;action
m126;minority report;2002;7.70;137009;animation
m126;minority report;2002;7.70;137009;drama
m126;minority report;2002;7.70;137009;mystery
m126;minority report;2002;7.70;137009;sci-fi
m126;minority report;2002;7.70;137009;thriller
m127;made;2001;6.40;9774;comedy
m127;made;2001;6.40;9774;crime
m127;made;2001;6.40;9774;drama
m127;made;2001;6.40;9774;thriller
m128;malcolm x;1992;7.70;23317;biography
m128;malcolm x;1992;7.70;23317;drama
m128;malcolm x;1992;7.70;23317;history
m129;man on fire;2004;7.70;76517;action
m129;man on fire;2004;7.70;76517;crime
m129;man on fire;2004;7.70;76517;drama
m129;man on fire;2004;7.70;76517;thriller
m130;marty;1955;7.70;6379;drama
m130;marty;1955;7.70;6379;romance
m131;mash;1970;7.80;29358;comedy
m131;mash;1970;7.80;29358;war
m131;mash;1970;7.80;29358;drama
m132;meet john doe;1941;7.70;4841;comedy
m132;meet john doe;1941;7.70;4841;drama
m132;meet john doe;1941;7.70;4841;romance
m133;metro;1997;5.30;9601;action
m133;metro;1997;5.30;9601;comedy
m133;metro;1997;5.30;9601;crime
m133;metro;1997;5.30;9601;drama
m133;metro;1997;5.30;9601;thriller
m134;metropolis;1927;8.40;40730;adventure
m134;metropolis;1927;8.40;40730;drama
m134;metropolis;1927;8.40;40730;sci-fi
m135;mighty morphin power rangers;1994;8.20;35;action
m135;mighty morphin power rangers;1994;8.20;35;family
m136;mobsters;1991;5.50;3574;crime
m136;mobsters;1991;5.50;3574;drama
m137;monkeybone;2001;4.50;8258;animation
m137;monkeybone;2001;4.50;8258;comedy
m137;monkeybone;2001;4.50;8258;fantasy
m137;monkeybone;2001;4.50;8258;romance
m138;my mother dreams the satan's disciples in new york;1998;6.70;70;short
m139;mr. smith goes to washington;1939;8.40;33984;drama
m140;mr. deeds goes to town;1936;8.00;7594;comedy
m140;mr. deeds goes to town;1936;8.00;7594;romance
m141;mumford;1999;6.80;6333;comedy
m141;mumford;1999;6.80;6333;drama
m142;the mummy;1999;6.90;96736;action
m142;the mummy;1999;6.90;96736;adventure
m142;the mummy;1999;6.90;96736;fantasy
m143;mystery men;1999;5.90;31817;action
m143;mystery men;1999;5.90;31817;comedy
m143;mystery men;1999;5.90;31817;fantasy
m144;napoleon;1995;5.50;486;family
m144;napoleon;1995;5.50;486;adventure
m145;next friday;2000;5.40;10267;comedy
m146;nick of time;1995;6.20;15945;crime
m146;nick of time;1995;6.20;15945;drama
m146;nick of time;1995;6.20;15945;thriller
m147;the night of the hunter;1955;8.20;26211;drama
m147;the night of the hunter;1955;8.20;26211;film-noir
m147;the night of the hunter;1955;8.20;26211;thriller
m148;a nightmare on elm street;1984;7.40;47161;horror
m149;ninotchka;1939;7.90;6951;comedy
m149;ninotchka;1939;7.90;6951;romance
m150;nixon;1995;7.10;13878;biography
m150;nixon;1995;7.10;13878;drama
m151;no country for old men;2007;8.30;202649;crime
m151;no country for old men;2007;8.30;202649;drama
m151;no country for old men;2007;8.30;202649;mystery
m151;no country for old men;2007;8.30;202649;thriller
m151;no country for old men;2007;8.30;202649;western
m152;nurse betty;2000;6.40;20473;comedy
m152;nurse betty;2000;6.40;20473;crime
m152;nurse betty;2000;6.40;20473;romance
m152;nurse betty;2000;6.40;20473;thriller
m153;o brother, where art thou?;2000;7.80;95628;comedy
m153;o brother, where art thou?;2000;7.80;95628;adventure
m153;o brother, where art thou?;2000;7.80;95628;crime
m153;o brother, where art thou?;2000;7.80;95628;music
m154;an officer and a gentleman;1982;6.80;16883;drama
m154;an officer and a gentleman;1982;6.80;16883;romance
m155;panic room;2002;6.90;69824;thriller
m156;panther;1995;5.90;1129;drama
m157;the patriot;2000;6.90;79207;action
m157;the patriot;2000;6.90;79207;drama
m157;the patriot;2000;6.90;79207;war
m158;pet sematary;1989;6.30;19851;drama
m158;pet sematary;1989;6.30;19851;fantasy
m158;pet sematary;1989;6.30;19851;horror
m158;pet sematary;1989;6.30;19851;mystery
m158;pet sematary;1989;6.30;19851;thriller
m159;pirates of the caribbean;2003;7.20;329;adventure
m159;pirates of the caribbean;2003;7.20;329;fantasy
m159;pirates of the caribbean;2003;7.20;329;horror
m160;plastic man;1999;6.70;29;drama
m161;platinum blonde;1931;6.90;1119;comedy
m161;platinum blonde;1931;6.90;1119;romance
m162;pleasantville;1998;7.50;49669;comedy
m162;pleasantville;1998;7.50;49669;drama
m162;pleasantville;1998;7.50;49669;fantasy
m163;punch-drunk love;2002;7.40;50312;comedy
m163;punch-drunk love;2002;7.40;50312;drama
m163;punch-drunk love;2002;7.40;50312;romance
m164;quills;2000;7.30;22657;biography
m164;quills;2000;7.30;22657;drama
m164;quills;2000;7.30;22657;history
m164;quills;2000;7.30;22657;romance
m165;rko 281;1999;7.10;3543;biography
m165;rko 281;1999;7.10;3543;drama
m166;raging bull;1980;8.40;91851;biography
m166;raging bull;1980;8.40;91851;drama
m166;raging bull;1980;8.40;91851;sport
m167;rear window;1954;8.70;121165;crime
m167;rear window;1954;8.70;121165;mystery
m167;rear window;1954;8.70;121165;romance
m167;rear window;1954;8.70;121165;thriller
m168;rebel without a cause;1955;7.90;27791;drama
m168;rebel without a cause;1955;7.90;27791;romance
m169;reindeer games;2000;5.50;16951;action
m169;reindeer games;2000;5.50;16951;crime
m169;reindeer games;2000;5.50;16951;drama
m169;reindeer games;2000;5.50;16951;thriller
m170;reservoir dogs;1992;8.40;217185;crime
m170;reservoir dogs;1992;8.40;217185;mystery
m170;reservoir dogs;1992;8.40;217185;thriller
m171;roughshod;1949;6.90;115;action
m171;roughshod;1949;6.90;115;drama
m171;roughshod;1949;6.90;115;romance
m171;roughshod;1949;6.90;115;western
m172;scary movie 2;2001;4.70;44511;comedy
m173;serial mom;1994;6.40;11077;comedy
m173;serial mom;1994;6.40;11077;thriller
m174;the seventh victim;1943;6.90;1596;drama
m174;the seventh victim;1943;6.90;1596;horror
m174;the seventh victim;1943;6.90;1596;thriller
m175;sex, lies, and videotape;1989;7.10;18505;drama
m176;shivers;1975;6.50;4940;horror
m176;shivers;1975;6.50;4940;sci-fi
m177;shock treatment;1981;5.40;1884;comedy
m177;shock treatment;1981;5.40;1884;musical
m178;sideways;2004;7.80;70349;comedy
m178;sideways;2004;7.80;70349;drama
m178;sideways;2004;7.80;70349;romance
m179;signs;2002;6.90;113119;drama
m179;signs;2002;6.90;113119;mystery
m179;signs;2002;6.90;113119;sci-fi
m179;signs;2002;6.90;113119;thriller
m180;silverado;1985;7.00;14355;action
m180;silverado;1985;7.00;14355;western
m181;simone;2010;8.30;9;short
m181;simone;2010;8.30;9;drama
m181;simone;2010;8.30;9;horror
m181;simone;2010;8.30;9;thriller
m182;the sixth sense;1999;8.20;244162;drama
m182;the sixth sense;1999;8.20;244162;mystery
m182;the sixth sense;1999;8.20;244162;thriller
m183;slash;2002;4.20;899;comedy
m183;slash;2002;4.20;899;horror
m183;slash;2002;4.20;899;thriller
m184;slither;2006;6.60;26497;comedy
m184;slither;2006;6.60;26497;horror
m184;slither;2006;6.60;26497;sci-fi
m185;smokey and the bandit;1977;6.60;14147;action
m185;smokey and the bandit;1977;6.60;14147;comedy
m185;smokey and the bandit;1977;6.60;14147;crime
m185;smokey and the bandit;1977;6.60;14147;romance
m186;smokin' aces;2006;6.60;58048;action
m186;smokin' aces;2006;6.60;58048;crime
m186;smokin' aces;2006;6.60;58048;drama
m186;smokin' aces;2006;6.60;58048;thriller
m187;solaris;2002;6.20;33541;drama
m187;solaris;2002;6.20;33541;mystery
m187;solaris;2002;6.20;33541;romance
m187;solaris;2002;6.20;33541;sci-fi
m188;someone to watch over me;1987;6.10;3909;action
m188;someone to watch over me;1987;6.10;3909;crime
m188;someone to watch over me;1987;6.10;3909;drama
m188;someone to watch over me;1987;6.10;3909;romance
m188;someone to watch over me;1987;6.10;3909;thriller
m189;spider-man;2002;7.40;169898;action
m189;spider-man;2002;7.40;169898;adventure
m189;spider-man;2002;7.40;169898;fantasy
m189;spider-man;2002;7.40;169898;sci-fi
m189;spider-man;2002;7.40;169898;action
m189;spider-man;2002;7.40;169898;adventure
m189;spider-man;2002;7.40;169898;sci-fi
m189;spider-man;2002;7.40;169898;thriller
m190;stalag 17;1953;8.20;21182;drama
m190;stalag 17;1953;8.20;21182;war
m191;star trek: generations;1994;6.50;26662;action
m191;star trek: generations;1994;6.50;26662;mystery
m191;star trek: generations;1994;6.50;26662;sci-fi
m191;star trek: generations;1994;6.50;26662;thriller
m192;star trek iii: the search for spock;1984;6.50;22466;action
m192;star trek iii: the search for spock;1984;6.50;22466;adventure
m192;star trek iii: the search for spock;1984;6.50;22466;sci-fi
m192;star trek iii: the search for spock;1984;6.50;22466;thriller
m193;star trek: the wrath of khan;1982;7.80;36503;action
m193;star trek: the wrath of khan;1982;7.80;36503;adventure
m193;star trek: the wrath of khan;1982;7.80;36503;sci-fi
m193;star trek: the wrath of khan;1982;7.80;36503;thriller
m194;star trek iv: the voyage home;1986;7.30;26423;adventure
m194;star trek iv: the voyage home;1986;7.30;26423;comedy
m194;star trek iv: the voyage home;1986;7.30;26423;sci-fi
m195;star trek: insurrection;1998;6.30;26728;action
m195;star trek: insurrection;1998;6.30;26728;adventure
m195;star trek: insurrection;1998;6.30;26728;sci-fi
m195;star trek: insurrection;1998;6.30;26728;thriller
m196;star trek: first contact;1996;7.60;45429;action
m196;star trek: first contact;1996;7.60;45429;adventure
m196;star trek: first contact;1996;7.60;45429;sci-fi
m196;star trek: first contact;1996;7.60;45429;thriller
m197;star trek vi: the undiscovered country;1991;7.20;23751;action
m197;star trek vi: the undiscovered country;1991;7.20;23751;mystery
m197;star trek vi: the undiscovered country;1991;7.20;23751;sci-fi
m197;star trek vi: the undiscovered country;1991;7.20;23751;thriller
m198;star trek: nemesis;2002;6.40;28682;action
m198;star trek: nemesis;2002;6.40;28682;sci-fi
m198;star trek: nemesis;2002;6.40;28682;thriller
m199;starman;1984;6.90;14204;adventure
m199;starman;1984;6.90;14204;drama
m199;starman;1984;6.90;14204;romance
m199;starman;1984;6.90;14204;sci-fi
m200;strange days;1995;7.10;27744;action
m200;strange days;1995;7.10;27744;crime
m200;strange days;1995;7.10;27744;drama
m200;strange days;1995;7.10;27744;fantasy
m200;strange days;1995;7.10;27744;music
m200;strange days;1995;7.10;27744;mystery
m200;strange days;1995;7.10;27744;sci-fi
m200;strange days;1995;7.10;27744;thriller
m201;suspect zero;2004;5.80;9914;crime
m201;suspect zero;2004;5.80;9914;horror
m201;suspect zero;2004;5.80;9914;sci-fi
m201;suspect zero;2004;5.80;9914;thriller
m202;swingers;1996;7.60;32427;comedy
m202;swingers;1996;7.60;32427;drama
m203;the godfather;1972;9.20;419312;crime
m203;the godfather;1972;9.20;419312;drama
m203;the godfather;1972;9.20;419312;thriller
m204;the talented mr. ripley;1999;7.20;64055;crime
m204;the talented mr. ripley;1999;7.20;64055;drama
m204;the talented mr. ripley;1999;7.20;64055;thriller
m205;taxi driver;1976;8.60;159525;drama
m205;taxi driver;1976;8.60;159525;thriller
m206;the rock;1996;7.30;109533;action
m206;the rock;1996;7.30;109533;adventure
m206;the rock;1996;7.30;109533;thriller
m207;the majestic;2001;6.80;25057;drama
m207;the majestic;2001;6.80;25057;romance
m208;the birds;1963;7.90;53233;horror
m208;the birds;1963;7.90;53233;romance
m208;the birds;1963;7.90;53233;thriller
m209;the body snatcher;1945;7.40;2927;drama
m209;the body snatcher;1945;7.40;2927;horror
m209;the body snatcher;1945;7.40;2927;thriller
m210;the crow: salvation;2000;4.70;4566;action
m210;the crow: salvation;2000;4.70;4566;crime
m210;the crow: salvation;2000;4.70;4566;fantasy
m210;the crow: salvation;2000;4.70;4566;mystery
m210;the crow: salvation;2000;4.70;4566;thriller
m211;the day the earth stood still;2008;5.50;52489;drama
m211;the day the earth stood still;2008;5.50;52489;sci-fi
m211;the day the earth stood still;2008;5.50;52489;thriller
m212;the lost boys;1987;7.00;34826;comedy
m212;the lost boys;1987;7.00;34826;fantasy
m212;the lost boys;1987;7.00;34826;horror
m212;the lost boys;1987;7.00;34826;thriller
m213;the thing;1982;8.20;80904;horror
m213;the thing;1982;8.20;80904;mystery
m213;the thing;1982;8.20;80904;sci-fi
m213;the thing;1982;8.20;80904;thriller
m214;the time machine;2002;5.70;32900;sci-fi
m214;the time machine;2002;5.70;32900;adventure
m214;the time machine;2002;5.70;32900;action
m215;the jacket;2005;7.10;36581;drama
m215;the jacket;2005;7.10;36581;fantasy
m215;the jacket;2005;7.10;36581;mystery
m215;the jacket;2005;7.10;36581;sci-fi
m215;the jacket;2005;7.10;36581;thriller
m216;thelma & louise;1991;7.30;44372;crime
m216;thelma & louise;1991;7.30;44372;drama
m216;thelma & louise;1991;7.30;44372;thriller
m217;there's something about mary;1998;7.20;97546;comedy
m217;there's something about mary;1998;7.20;97546;romance
m218;thirteen days;2000;7.30;23732;drama
m218;thirteen days;2000;7.30;23732;history
m218;thirteen days;2000;7.30;23732;thriller
m219;thunderheart;1992;6.60;6662;crime
m219;thunderheart;1992;6.60;6662;mystery
m219;thunderheart;1992;6.60;6662;thriller
m219;thunderheart;1992;6.60;6662;western
m220;top gun;1986;6.50;81087;action
m220;top gun;1986;6.50;81087;drama
m220;top gun;1986;6.50;81087;romance
m221;total recall;1990;7.40;71383;action
m221;total recall;1990;7.40;71383;adventure
m221;total recall;1990;7.40;71383;sci-fi
m221;total recall;1990;7.40;71383;thriller
m222;tremors;1990;7.10;30553;action
m222;tremors;1990;7.10;30553;comedy
m222;tremors;1990;7.10;30553;horror
m222;tremors;1990;7.10;30553;thriller
m223;true believer;1989;6.70;1801;drama
m223;true believer;1989;6.70;1801;crime
m224;twin peaks: fire walk with me;1992;7.00;21274;drama
m224;twin peaks: fire walk with me;1992;7.00;21274;horror
m224;twin peaks: fire walk with me;1992;7.00;21274;mystery
m224;twin peaks: fire walk with me;1992;7.00;21274;thriller
m225;the verdict;1982;7.70;10991;drama
m226;the war of the worlds;1953;7.10;12239;action
m226;the war of the worlds;1953;7.10;12239;horror
m226;the war of the worlds;1953;7.10;12239;sci-fi
m226;the war of the worlds;1953;7.10;12239;thriller
m227;new nightmare;1994;6.30;14975;fantasy
m227;new nightmare;1994;6.30;14975;horror
m227;new nightmare;1994;6.30;14975;mystery
m227;new nightmare;1994;6.30;14975;thriller
m228;white squall;1996;6.40;8465;adventure
m228;white squall;1996;6.40;8465;drama
m229;wild at heart;1990;7.20;29388;crime
m229;wild at heart;1990;7.20;29388;romance
m229;wild at heart;1990;7.20;29388;thriller
m230;wonder boys;2000;7.50;31853;drama
m230;wonder boys;2000;7.50;31853;comedy
m231;the woodsman;2004;7.40;16090;drama
m232;the abyss;1989;7.60;51699;action
m232;the abyss;1989;7.60;51699;adventure
m232;the abyss;1989;7.60;51699;drama
m232;the abyss;1989;7.60;51699;sci-fi
m232;the abyss;1989;7.60;51699;thriller
m233;l'avventura;1960;7.90;6963;drama
m233;l'avventura;1960;7.90;6963;mystery
m234;agnes of god;1985;6.50;3490;drama
m234;agnes of god;1985;6.50;3490;mystery
m234;agnes of god;1985;6.50;3490;thriller
m235;a hard day's night;1964;7.60;15431;comedy
m235;a hard day's night;1964;7.60;15431;music
m236;alien;1979;8.50;184471;adventure
m236;alien;1979;8.50;184471;horror
m236;alien;1979;8.50;184471;sci-fi
m236;alien;1979;8.50;184471;thriller
m237;alien vs. predator;1993;7.80;116;action
m237;alien vs. predator;1993;7.80;116;adventure
m237;alien vs. predator;1993;7.80;116;sci-fi
m238;all about eve;1950;8.50;35597;drama
m239;all the president's men;1976;8.00;32717;drama
m239;all the president's men;1976;8.00;32717;history
m239;all the president's men;1976;8.00;32717;thriller
m240;american pie;1999;6.90;107961;comedy
m240;american pie;1999;6.90;107961;romance
m241;an american werewolf in paris;1997;4.90;10158;horror
m241;an american werewolf in paris;1997;4.90;10158;romance
m241;an american werewolf in paris;1997;4.90;10158;thriller
m241;an american werewolf in paris;1997;4.90;10158;comedy
m242;anastasia;1997;6.60;16844;animation
m242;anastasia;1997;6.60;16844;adventure
m242;anastasia;1997;6.60;16844;drama
m242;anastasia;1997;6.60;16844;family
m242;anastasia;1997;6.60;16844;musical
m242;anastasia;1997;6.60;16844;animation
m242;anastasia;1997;6.60;16844;family
m243;annie hall;1977;8.30;66781;comedy
m243;annie hall;1977;8.30;66781;drama
m243;annie hall;1977;8.30;66781;romance
m244;the anniversary party;2001;6.20;5809;drama
m244;the anniversary party;2001;6.20;5809;comedy
m245;antz;1998;6.80;37825;animation
m245;antz;1998;6.80;37825;adventure
m245;antz;1998;6.80;37825;comedy
m245;antz;1998;6.80;37825;family
m246;the apartment;1960;8.40;37301;romance
m246;the apartment;1960;8.40;37301;comedy
m246;the apartment;1960;8.40;37301;drama
m247;apocalypse now;1979;8.60;176465;drama
m247;apocalypse now;1979;8.60;176465;war
m248;arctic blue;1993;4.80;464;action
m248;arctic blue;1993;4.80;464;thriller
m249;as good as it gets;1997;7.80;93201;comedy
m249;as good as it gets;1997;7.80;93201;drama
m249;as good as it gets;1997;7.80;93201;romance
m250;assassins;1995;6.00;23681;action
m250;assassins;1995;6.00;23681;thriller
m250;assassins;1995;6.00;23681;crime
m251;asylum;2005;6.10;2395;drama
m251;asylum;2005;6.10;2395;romance
m251;asylum;2005;6.10;2395;thriller
m252;a walk to remember;2002;7.10;38751;drama
m252;a walk to remember;2002;7.10;38751;romance
m253;back to the future;1985;8.40;207376;adventure
m253;back to the future;1985;8.40;207376;family
m253;back to the future;1985;8.40;207376;sci-fi
m254;badlands;1973;7.90;16753;crime
m254;badlands;1973;7.90;16753;drama
m254;badlands;1973;7.90;16753;romance
m254;badlands;1973;7.90;16753;thriller
m255;the adventures of buckaroo banzai across the 8th dimension;1984;6.00;10046;adventure
m255;the adventures of buckaroo banzai across the 8th dimension;1984;6.00;10046;romance
m255;the adventures of buckaroo banzai across the 8th dimension;1984;6.00;10046;comedy
m255;the adventures of buckaroo banzai across the 8th dimension;1984;6.00;10046;sci-fi
m256;barton fink;1991;7.80;33119;drama
m256;barton fink;1991;7.80;33119;mystery
m256;barton fink;1991;7.80;33119;thriller
m257;basic instinct;1992;6.90;57615;mystery
m257;basic instinct;1992;6.90;57615;romance
m257;basic instinct;1992;6.90;57615;thriller
m258;basquiat;1996;6.70;8016;biography
m258;basquiat;1996;6.70;8016;drama
m259;batman returns;1992;6.90;79770;action
m259;batman returns;1992;6.90;79770;crime
m259;batman returns;1992;6.90;79770;fantasy
m259;batman returns;1992;6.90;79770;thriller
m259;batman returns;1992;6.90;79770;animation
m259;batman returns;1992;6.90;79770;crime
m259;batman returns;1992;6.90;79770;fantasy
m259;batman returns;1992;6.90;79770;action
m259;batman returns;1992;6.90;79770;thriller
m260;batman and robin;1949;6.50;443;action
m260;batman and robin;1949;6.50;443;adventure
m260;batman and robin;1949;6.50;443;crime
m260;batman and robin;1949;6.50;443;drama
m260;batman and robin;1949;6.50;443;sci-fi
m261;batman forever;1995;5.40;77223;action
m261;batman forever;1995;5.40;77223;crime
m261;batman forever;1995;5.40;77223;fantasy
m261;batman forever;1995;5.40;77223;thriller
m262;batman;1989;7.60;112731;crime
m262;batman;1989;7.60;112731;drama
m262;batman;1989;7.60;112731;thriller
m262;batman;1989;7.60;112731;action
m262;batman;1989;7.60;112731;adventure
m262;batman;1989;7.60;112731;crime
m263;bean;1997;5.80;27131;comedy
m263;bean;1997;5.80;27131;family
m264;beavis and butt-head do america;1996;6.60;23149;animation
m264;beavis and butt-head do america;1996;6.60;23149;adventure
m264;beavis and butt-head do america;1996;6.60;23149;comedy
m264;beavis and butt-head do america;1996;6.60;23149;crime
m265;beetle juice;1988;7.30;62164;comedy
m265;beetle juice;1988;7.30;62164;fantasy
m266;being there;1979;8.00;25085;drama
m266;being there;1979;8.00;25085;comedy
m267;being john malkovich;1999;7.90;115008;comedy
m267;being john malkovich;1999;7.90;115008;drama
m267;being john malkovich;1999;7.90;115008;fantasy
m267;being john malkovich;1999;7.90;115008;romance
m268;beloved;1998;5.60;4014;drama
m268;beloved;1998;5.60;4014;mystery
m269;the big lebowski;1998;8.20;182170;comedy
m269;the big lebowski;1998;8.20;182170;crime
m269;the big lebowski;1998;8.20;182170;mystery
m270;the black dahlia;2006;5.60;35706;crime
m270;the black dahlia;2006;5.60;35706;drama
m270;the black dahlia;2006;5.60;35706;history
m270;the black dahlia;2006;5.60;35706;mystery
m270;the black dahlia;2006;5.60;35706;thriller
m271;blade ii;2002;6.60;51826;action
m271;blade ii;2002;6.60;51826;fantasy
m271;blade ii;2002;6.60;51826;horror
m271;blade ii;2002;6.60;51826;thriller
m271;blade ii;2002;6.60;51826;action
m271;blade ii;2002;6.60;51826;adventure
m271;blade ii;2002;6.60;51826;horror
m272;blade;1998;7.00;65885;action
m272;blade;1998;7.00;65885;adventure
m272;blade;1998;7.00;65885;fantasy
m272;blade;1998;7.00;65885;horror
m272;blade;1998;7.00;65885;thriller
m273;book of shadows: blair witch 2;2000;4.10;16285;crime
m273;book of shadows: blair witch 2;2000;4.10;16285;horror
m273;book of shadows: blair witch 2;2000;4.10;16285;mystery
m273;book of shadows: blair witch 2;2000;4.10;16285;thriller
m274;blood simple.;1984;7.80;28901;crime
m274;blood simple.;1984;7.80;28901;drama
m274;blood simple.;1984;7.80;28901;thriller
m275;bloodmoon;1997;4.50;269;action
m275;bloodmoon;1997;4.50;269;thriller
m276;blow;2001;7.40;71334;biography
m276;blow;2001;7.40;71334;crime
m276;blow;2001;7.40;71334;drama
m277;la battaglia di algeri;1966;8.20;14339;drama
m277;la battaglia di algeri;1966;8.20;14339;history
m277;la battaglia di algeri;1966;8.20;14339;war
m278;body of evidence;1993;4.10;6052;drama
m278;body of evidence;1993;4.10;6052;romance
m278;body of evidence;1993;4.10;6052;thriller
m279;the bridges of madison county;1995;7.20;22252;drama
m279;the bridges of madison county;1995;7.20;22252;romance
m280;bones;2001;4.00;3525;crime
m280;bones;2001;4.00;3525;horror
m281;bound;1996;7.50;23772;crime
m281;bound;1996;7.50;23772;drama
m281;bound;1996;7.50;23772;thriller
m282;the bourne identity;2002;7.70;124918;action
m282;the bourne identity;2002;7.70;124918;adventure
m282;the bourne identity;2002;7.70;124918;mystery
m282;the bourne identity;2002;7.70;124918;thriller
m283;brazil;1985;8.00;77350;drama
m283;brazil;1985;8.00;77350;fantasy
m283;brazil;1985;8.00;77350;sci-fi
m284;bringing out the dead;1999;6.80;31285;drama
m284;bringing out the dead;1999;6.80;31285;thriller
m285;broadcast news;1987;7.10;10559;comedy
m285;broadcast news;1987;7.10;10559;drama
m285;broadcast news;1987;7.10;10559;romance
m286;a bucket of blood;1959;6.80;1892;comedy
m286;a bucket of blood;1959;6.80;1892;horror
m287;buffy the vampire slayer;1992;5.30;16206;horror
m287;buffy the vampire slayer;1992;5.30;16206;comedy
m287;buffy the vampire slayer;1992;5.30;16206;action
m288;bull durham;1988;7.00;18941;comedy
m288;bull durham;1988;7.00;18941;romance
m288;bull durham;1988;7.00;18941;sport
m289;casino;1995;8.10;111223;biography
m289;casino;1995;8.10;111223;crime
m289;casino;1995;8.10;111223;drama
m290;catwoman;2004;3.20;35065;action
m290;catwoman;2004;3.20;35065;crime
m290;catwoman;2004;3.20;35065;fantasy
m291;cellular;2004;6.50;32920;action
m291;cellular;2004;6.50;32920;crime
m291;cellular;2004;6.50;32920;thriller
m292;the crying game;1992;7.30;21394;drama
m292;the crying game;1992;7.30;21394;thriller
m293;charade;1963;8.00;22815;comedy
m293;charade;1963;8.00;22815;mystery
m293;charade;1963;8.00;22815;romance
m293;charade;1963;8.00;22815;thriller
m294;cherry falls;2000;4.80;5669;horror
m294;cherry falls;2000;4.80;5669;mystery
m294;cherry falls;2000;4.80;5669;thriller
m295;chill factor;1999;4.90;5381;action
m295;chill factor;1999;4.90;5381;adventure
m295;chill factor;1999;4.90;5381;comedy
m295;chill factor;1999;4.90;5381;thriller
m296;chinatown;1974;8.50;80698;crime
m296;chinatown;1974;8.50;80698;drama
m296;chinatown;1974;8.50;80698;mystery
m296;chinatown;1974;8.50;80698;thriller
m297;nuovo cinema paradiso;1988;8.50;46801;comedy
m297;nuovo cinema paradiso;1988;8.50;46801;drama
m297;nuovo cinema paradiso;1988;8.50;46801;romance
m298;citizen kane;1941;8.60;140517;drama
m298;citizen kane;1941;8.60;140517;mystery
m299;clerks.;1994;8.00;90972;comedy
m300;cliffhanger;1993;6.20;34880;action
m300;cliffhanger;1993;6.20;34880;adventure
m300;cliffhanger;1993;6.20;34880;thriller
m301;a clockwork orange;1971;8.50;197372;crime
m301;a clockwork orange;1971;8.50;197372;drama
m301;a clockwork orange;1971;8.50;197372;sci-fi
m302;collateral;2004;7.80;106866;crime
m302;collateral;2004;7.80;106866;drama
m302;collateral;2004;7.80;106866;thriller
m303;conspiracy theory;1997;6.50;36045;action
m303;conspiracy theory;1997;6.50;36045;crime
m303;conspiracy theory;1997;6.50;36045;mystery
m303;conspiracy theory;1997;6.50;36045;romance
m303;conspiracy theory;1997;6.50;36045;thriller
m304;contact;1997;7.40;75043;drama
m304;contact;1997;7.40;75043;mystery
m304;contact;1997;7.40;75043;sci-fi
m304;contact;1997;7.40;75043;thriller
m305;cool hand luke;1967;8.30;46514;crime
m305;cool hand luke;1967;8.30;46514;drama
m306;copycat;1995;6.50;17335;crime
m306;copycat;1995;6.50;17335;mystery
m306;copycat;1995;6.50;17335;thriller
m307;crash;2004;8.00;174003;crime
m307;crash;2004;8.00;174003;drama
m308;crazy love;2007;7.00;944;documentary
m309;crime spree;2003;6.40;3129;action
m309;crime spree;2003;6.40;3129;comedy
m309;crime spree;2003;6.40;3129;crime
m310;crouching tiger, hidden dragon;2003;8.00;1091;action
m311;the crow;1994;7.60;55886;action
m311;the crow;1994;7.60;55886;crime
m311;the crow;1994;7.60;55886;fantasy
m311;the crow;1994;7.60;55886;thriller
m312;cruel intentions;1999;6.70;67532;drama
m312;cruel intentions;1999;6.70;67532;romance
m312;cruel intentions;1999;6.70;67532;thriller
m313;the curse of the cat people;1944;6.90;2067;drama
m313;the curse of the cat people;1944;6.90;2067;fantasy
m313;the curse of the cat people;1944;6.90;2067;horror
m314;the curse;1987;4.50;627;sci-fi
m314;the curse;1987;4.50;627;horror
m315;dark city;1998;7.80;64262;mystery
m315;dark city;1998;7.80;64262;sci-fi
m315;dark city;1998;7.80;64262;thriller
m316;dave;1993;6.80;20807;comedy
m316;dave;1993;6.80;20807;romance
m317;day of the dead;1985;7.00;22746;horror
m317;day of the dead;1985;7.00;22746;sci-fi
m318;dead poets society;1989;7.80;90842;drama
m319;deep rising;1998;5.70;12638;action
m319;deep rising;1998;5.70;12638;horror
m319;deep rising;1998;5.70;12638;sci-fi
m319;deep rising;1998;5.70;12638;thriller
m320;the deer hunter;1978;8.20;89841;drama
m320;the deer hunter;1978;8.20;89841;war
m321;demolition man;1993;6.30;46318;action
m321;demolition man;1993;6.30;46318;crime
m321;demolition man;1993;6.30;46318;sci-fi
m322;the devil and daniel webster;2004;5.70;1824;comedy
m322;the devil and daniel webster;2004;5.70;1824;drama
m322;the devil and daniel webster;2004;5.70;1824;fantasy
m323;die hard;1988;8.30;185430;action
m323;die hard;1988;8.30;185430;crime
m323;die hard;1988;8.30;185430;thriller
m324;dog day afternoon;1975;8.20;61120;crime
m324;dog day afternoon;1975;8.20;61120;drama
m325;domino;2005;5.90;32949;action
m325;domino;2005;5.90;32949;crime
m325;domino;2005;5.90;32949;drama
m325;domino;2005;5.90;32949;thriller
m326;do the right thing;1989;7.90;27164;drama
m327;dumb and dumberer: when harry met lloyd;2003;3.30;14984;comedy
m328;dune;1984;6.50;38954;action
m328;dune;1984;6.50;38954;adventure
m328;dune;1984;6.50;38954;sci-fi
m329;ed wood;1994;8.10;75704;biography
m329;ed wood;1994;8.10;75704;comedy
m329;ed wood;1994;8.10;75704;drama
m330;edtv;1999;6.10;21865;comedy
m331;election;1999;7.40;37868;comedy
m331;election;1999;7.40;37868;drama
m332;l.a. confidential;1997;8.40;168009;crime
m332;l.a. confidential;1997;8.40;168009;drama
m332;l.a. confidential;1997;8.40;168009;mystery
m332;l.a. confidential;1997;8.40;168009;thriller
m333;enemy of the state;1998;7.20;67504;action
m333;enemy of the state;1998;7.20;67504;drama
m333;enemy of the state;1998;7.20;67504;thriller
m334;the english patient;1996;7.30;55247;romance
m334;the english patient;1996;7.30;55247;drama
m334;the english patient;1996;7.30;55247;war
m335;entrapment;1999;6.10;41120;action
m335;entrapment;1999;6.10;41120;crime
m335;entrapment;1999;6.10;41120;romance
m335;entrapment;1999;6.10;41120;thriller
m336;erin brockovich;2000;7.20;55641;biography
m336;erin brockovich;2000;7.20;55641;drama
m336;erin brockovich;2000;7.20;55641;romance
m337;star wars: the empire strikes back;1982;8.00;42;animation
m337;star wars: the empire strikes back;1982;8.00;42;adventure
m337;star wars: the empire strikes back;1982;8.00;42;action
m337;star wars: the empire strikes back;1982;8.00;42;fantasy
m338;escape from the planet of the apes;1971;6.10;7754;sci-fi
m338;escape from the planet of the apes;1971;6.10;7754;thriller
m339;escape from l.a.;1996;5.30;23551;action
m339;escape from l.a.;1996;5.30;23551;adventure
m339;escape from l.a.;1996;5.30;23551;sci-fi
m339;escape from l.a.;1996;5.30;23551;thriller
m340;excalibur;1981;7.40;24550;adventure
m340;excalibur;1981;7.40;24550;drama
m340;excalibur;1981;7.40;24550;fantasy
m341;the exorcist;1973;8.10;106383;horror
m341;the exorcist;1973;8.10;106383;thriller
m342;the fabulous baker boys;1989;6.70;9433;drama
m342;the fabulous baker boys;1989;6.70;9433;music
m342;the fabulous baker boys;1989;6.70;9433;romance
m343;face/off;1997;7.30;103386;action
m343;face/off;1997;7.30;103386;crime
m343;face/off;1997;7.30;103386;drama
m343;face/off;1997;7.30;103386;sci-fi
m343;face/off;1997;7.30;103386;thriller
m344;the family man;2000;6.60;34509;comedy
m344;the family man;2000;6.60;34509;fantasy
m344;the family man;2000;6.60;34509;drama
m344;the family man;2000;6.60;34509;romance
m345;the fantastic four;1994;3.80;1472;action
m345;the fantastic four;1994;3.80;1472;adventure
m345;the fantastic four;1994;3.80;1472;sci-fi
m345;the fantastic four;1994;3.80;1472;fantasy
m346;fantastic voyage;1966;6.80;5231;adventure
m346;fantastic voyage;1966;6.80;5231;sci-fi
m347;fargo;1996;8.30;168176;crime
m347;fargo;1996;8.30;168176;drama
m347;fargo;1996;8.30;168176;thriller
m348;fight club;1999;8.80;391697;crime
m348;fight club;1999;8.80;391697;drama
m348;fight club;1999;8.80;391697;mystery
m348;fight club;1999;8.80;391697;thriller
m349;final destination 2;2003;6.40;36312;horror
m349;final destination 2;2003;6.40;36312;thriller
m350;final destination;2000;6.80;53422;horror
m350;final destination;2000;6.80;53422;thriller
m351;rambo: first blood part ii;1985;5.80;39147;action
m351;rambo: first blood part ii;1985;5.80;39147;adventure
m351;rambo: first blood part ii;1985;5.80;39147;thriller
m352;the fisher king;1991;7.50;28310;comedy
m352;the fisher king;1991;7.50;28310;drama
m352;the fisher king;1991;7.50;28310;romance
m353;five easy pieces;1970;7.50;11969;drama
m354;five feet high and rising;2000;6.50;326;short
m355;fletch;1985;6.70;17336;comedy
m355;fletch;1985;6.70;17336;crime
m355;fletch;1985;6.70;17336;mystery
m356;the adventures of ford fairlane;1990;5.60;9051;action
m356;the adventures of ford fairlane;1990;5.60;9051;adventure
m356;the adventures of ford fairlane;1990;5.60;9051;comedy
m356;the adventures of ford fairlane;1990;5.60;9051;music
m357;the french connection;1971;7.90;34062;action
m357;the french connection;1971;7.90;34062;crime
m357;the french connection;1971;7.90;34062;thriller
m358;frequency;2000;7.30;36396;crime
m358;frequency;2000;7.30;36396;drama
m358;frequency;2000;7.30;36396;sci-fi
m358;frequency;2000;7.30;36396;thriller
m359;friday the 13th part iii;1982;5.10;11718;horror
m360;jason lives: friday the 13th part vi;1986;5.30;9919;comedy
m360;jason lives: friday the 13th part vi;1986;5.30;9919;horror
m360;jason lives: friday the 13th part vi;1986;5.30;9919;thriller
m361;jason goes to hell: the final friday;1993;4.10;8894;horror
m361;jason goes to hell: the final friday;1993;4.10;8894;thriller
m362;friday the 13th part viii: jason takes manhattan;1989;3.90;10288;horror
m363;game 6;2005;6.00;1414;comedy
m363;game 6;2005;6.00;1414;drama
m363;game 6;2005;6.00;1414;sport
m364;gandhi;1982;8.20;52160;biography
m364;gandhi;1982;8.20;52160;drama
m364;gandhi;1982;8.20;52160;history
m365;gattaca;1997;7.80;72063;drama
m365;gattaca;1997;7.80;72063;romance
m365;gattaca;1997;7.80;72063;sci-fi
m365;gattaca;1997;7.80;72063;thriller
m366;the getaway;1972;7.50;10151;action
m366;the getaway;1972;7.50;10151;adventure
m366;the getaway;1972;7.50;10151;crime
m366;the getaway;1972;7.50;10151;thriller
m367;get carter;2000;4.80;14319;action
m367;get carter;2000;4.80;14319;crime
m367;get carter;2000;4.80;14319;drama
m367;get carter;2000;4.80;14319;thriller
m368;glengarry glen ross;1992;7.90;32882;drama
m369;the godfather: part ii;1974;9.00;251290;crime
m369;the godfather: part ii;1974;9.00;251290;drama
m369;the godfather: part ii;1974;9.00;251290;thriller
m370;gods and monsters;1998;7.50;16063;biography
m370;gods and monsters;1998;7.50;16063;drama
m371;gone in sixty seconds;2000;6.00;74474;action
m371;gone in sixty seconds;2000;6.00;74474;crime
m371;gone in sixty seconds;2000;6.00;74474;thriller
m372;goodfellas;1990;8.80;234582;crime
m372;goodfellas;1990;8.80;234582;drama
m372;goodfellas;1990;8.80;234582;thriller
m373;good will hunting;1997;8.10;154419;drama
m374;the grapes of wrath;1940;8.30;23850;drama
m375;grosse pointe blank;1997;7.40;41877;comedy
m375;grosse pointe blank;1997;7.40;41877;crime
m375;grosse pointe blank;1997;7.40;41877;romance
m375;grosse pointe blank;1997;7.40;41877;thriller
m376;the horse whisperer;1998;6.40;15953;drama
m376;the horse whisperer;1998;6.40;15953;romance
m376;the horse whisperer;1998;6.40;15953;western
m377;hackers;1995;5.80;27009;action
m377;hackers;1995;5.80;27009;crime
m377;hackers;1995;5.80;27009;drama
m377;hackers;1995;5.80;27009;thriller
m378;halloween 4: the return of michael myers;1988;5.60;11315;horror
m378;halloween 4: the return of michael myers;1988;5.60;11315;thriller
m379;halloween;1978;7.90;64690;horror
m379;halloween;1978;7.90;64690;thriller
m380;hannah and her sisters;1986;7.90;21088;comedy
m380;hannah and her sisters;1986;7.90;21088;drama
m380;hannah and her sisters;1986;7.90;21088;romance
m381;hannibal;2001;6.40;75788;crime
m381;hannibal;2001;6.40;75788;thriller
m382;happy campers;2001;5.40;1785;comedy
m383;heathers;1989;7.30;25236;comedy
m383;heathers;1989;7.30;25236;crime
m384;heavenly creatures;1994;7.60;27211;crime
m384;heavenly creatures;1994;7.60;27211;drama
m384;heavenly creatures;1994;7.60;27211;fantasy
m384;heavenly creatures;1994;7.60;27211;thriller
m385;hellraiser: hellseeker;2002;4.90;3400;horror
m385;hellraiser: hellseeker;2002;4.90;3400;mystery
m385;hellraiser: hellseeker;2002;4.90;3400;thriller
m386;hero;1992;6.30;10573;comedy
m386;hero;1992;6.30;10573;drama
m387;hider in the house;1989;5.60;394;thriller
m388;highlander iii: the sorcerer;1994;3.90;7831;fantasy
m388;highlander iii: the sorcerer;1994;3.90;7831;sci-fi
m388;highlander iii: the sorcerer;1994;3.90;7831;action
m389;hostage;2005;6.60;37868;action
m389;hostage;2005;6.60;37868;crime
m389;hostage;2005;6.60;37868;drama
m389;hostage;2005;6.60;37868;thriller
m390;hotel rwanda;2004;8.30;94404;adventure
m390;hotel rwanda;2004;8.30;94404;drama
m390;hotel rwanda;2004;8.30;94404;history
m390;hotel rwanda;2004;8.30;94404;thriller
m390;hotel rwanda;2004;8.30;94404;war
m391;house on haunted hill;1999;5.30;23127;horror
m391;house on haunted hill;1999;5.30;23127;mystery
m391;house on haunted hill;1999;5.30;23127;thriller
m392;house of the damned;1996;4.30;216;action
m392;house of the damned;1996;4.30;216;horror
m392;house of the damned;1996;4.30;216;thriller
m393;hellraiser iii: hell on earth;1992;5.10;7716;horror
m394;hudson hawk;1991;5.40;22116;action
m394;hudson hawk;1991;5.40;22116;adventure
m394;hudson hawk;1991;5.40;22116;comedy
m394;hudson hawk;1991;5.40;22116;action
m394;hudson hawk;1991;5.40;22116;adventure
m394;hudson hawk;1991;5.40;22116;comedy
m394;hudson hawk;1991;5.40;22116;crime
m395;the hudsucker proxy;1994;7.40;32691;comedy
m395;the hudsucker proxy;1994;7.40;32691;drama
m395;the hudsucker proxy;1994;7.40;32691;fantasy
m395;the hudsucker proxy;1994;7.40;32691;romance
m396;i walked with a zombie;1943;7.30;3420;horror
m397;the ice storm;1997;7.50;27724;drama
m398;insomnia;2002;7.30;69635;crime
m398;insomnia;2002;7.30;69635;drama
m398;insomnia;2002;7.30;69635;mystery
m398;insomnia;2002;7.30;69635;thriller
m399;interview with the vampire: the vampire chronicles;1994;7.40;80077;drama
m399;interview with the vampire: the vampire chronicles;1994;7.40;80077;fantasy
m400;i still know what you did last summer;1998;4.10;23543;horror
m400;i still know what you did last summer;1998;4.10;23543;mystery
m400;i still know what you did last summer;1998;4.10;23543;thriller
m401;isle of the dead;1945;6.60;1405;drama
m401;isle of the dead;1945;6.60;1405;horror
m401;isle of the dead;1945;6.60;1405;mystery
m401;isle of the dead;1945;6.60;1405;thriller
m402;it's a wonderful life;1946;8.70;103290;drama
m402;it's a wonderful life;1946;8.70;103290;fantasy
m402;it's a wonderful life;1946;8.70;103290;romance
m403;jaws 2;1978;5.60;18995;thriller
m404;jaws 3-d;1983;3.30;12839;thriller
m405;jaws: the revenge;1987;2.60;15727;thriller
m406;the jazz singer;1927;6.80;3252;drama
m406;the jazz singer;1927;6.80;3252;music
m406;the jazz singer;1927;6.80;3252;romance
m407;jennifer eight;1992;6.20;6224;thriller
m407;jennifer eight;1992;6.20;6224;mystery
m408;jerry maguire;1996;7.30;79706;comedy
m408;jerry maguire;1996;7.30;79706;drama
m408;jerry maguire;1996;7.30;79706;romance
m408;jerry maguire;1996;7.30;79706;sport
m409;jurassic park iii;2001;5.70;62564;action
m409;jurassic park iii;2001;5.70;62564;adventure
m409;jurassic park iii;2001;5.70;62564;sci-fi
m409;jurassic park iii;2001;5.70;62564;thriller
m410;the lost world: jurassic park;1997;6.00;78169;action
m410;the lost world: jurassic park;1997;6.00;78169;adventure
m410;the lost world: jurassic park;1997;6.00;78169;sci-fi
m410;the lost world: jurassic park;1997;6.00;78169;thriller
m410;the lost world: jurassic park;1997;6.00;78169;action
m410;the lost world: jurassic park;1997;6.00;78169;adventure
m410;the lost world: jurassic park;1997;6.00;78169;animation
m410;the lost world: jurassic park;1997;6.00;78169;horror
m410;the lost world: jurassic park;1997;6.00;78169;sci-fi
m410;the lost world: jurassic park;1997;6.00;78169;thriller
m411;jurassic park;1993;7.90;153737;action
m411;jurassic park;1993;7.90;153737;adventure
m411;jurassic park;1993;7.90;153737;family
m411;jurassic park;1993;7.90;153737;sci-fi
m411;jurassic park;1993;7.90;153737;action
m411;jurassic park;1993;7.90;153737;adventure
m411;jurassic park;1993;7.90;153737;fantasy
m411;jurassic park;1993;7.90;153737;sci-fi
m412;freddy vs. jason;2003;5.80;39850;horror
m412;freddy vs. jason;2003;5.80;39850;thriller
m413;kafka;1991;6.90;4467;comedy
m413;kafka;1991;6.90;4467;drama
m413;kafka;1991;6.90;4467;mystery
m413;kafka;1991;6.90;4467;sci-fi
m413;kafka;1991;6.90;4467;thriller
m414;king kong;2005;7.60;134187;adventure
m414;king kong;2005;7.60;134187;drama
m414;king kong;2005;7.60;134187;romance
m415;klute;1971;7.20;6901;mystery
m415;klute;1971;7.20;6901;romance
m415;klute;1971;7.20;6901;thriller
m416;kramer vs. kramer;1979;7.70;25836;drama
m417;kundun;1997;7.10;10378;biography
m417;kundun;1997;7.10;10378;drama
m417;kundun;1997;7.10;10378;history
m417;kundun;1997;7.10;10378;war
m418;lake placid;1999;5.40;19621;action
m418;lake placid;1999;5.40;19621;comedy
m418;lake placid;1999;5.40;19621;horror
m418;lake placid;1999;5.40;19621;thriller
m419;the silence of the lambs;1991;8.70;251237;crime
m419;the silence of the lambs;1991;8.70;251237;thriller
m420;last of the mohicans;1977;7.30;71;action
m420;last of the mohicans;1977;7.30;71;adventure
m420;last of the mohicans;1977;7.30;71;war
m421;leviathan;1989;5.30;4751;adventure
m421;leviathan;1989;5.30;4751;horror
m421;leviathan;1989;5.30;4751;mystery
m421;leviathan;1989;5.30;4751;sci-fi
m421;leviathan;1989;5.30;4751;thriller
m422;lock, stock and two smoking barrels;1998;8.20;129117;crime
m422;lock, stock and two smoking barrels;1998;8.20;129117;thriller
m423;lone star;1996;7.60;14666;drama
m423;lone star;1996;7.60;14666;mystery
m423;lone star;1996;7.60;14666;romance
m423;lone star;1996;7.60;14666;western
m424;lord of illusions;1995;5.60;5031;fantasy
m424;lord of illusions;1995;5.60;5031;horror
m424;lord of illusions;1995;5.60;5031;mystery
m424;lord of illusions;1995;5.60;5031;thriller
m425;lost in translation;2003;7.90;132645;drama
m425;lost in translation;2003;7.90;132645;romance
m426;lost souls;2000;4.60;6663;drama
m426;lost souls;2000;4.60;6663;horror
m426;lost souls;2000;4.60;6663;thriller
m426;lost souls;2000;4.60;6663;romance
m427;love & basketball;2000;6.70;5907;drama
m427;love & basketball;2000;6.70;5907;romance
m427;love & basketball;2000;6.70;5907;sport
m428;magnolia;1999;8.00;123476;drama
m429;the man in the iron mask;1998;6.10;36684;action
m429;the man in the iron mask;1998;6.10;36684;adventure
m429;the man in the iron mask;1998;6.10;36684;drama
m429;the man in the iron mask;1998;6.10;36684;history
m430;manhunt;2003;8.70;736;action
m430;manhunt;2003;8.70;736;adventure
m430;manhunt;2003;8.70;736;crime
m430;manhunt;2003;8.70;736;horror
m430;manhunt;2003;8.70;736;thriller
m431;manhunter;1986;7.20;21649;crime
m431;manhunter;1986;7.20;21649;thriller
m432;man on the moon;1999;7.40;49915;biography
m432;man on the moon;1999;7.40;49915;comedy
m432;man on the moon;1999;7.40;49915;drama
m433;the matrix;1999;8.70;389480;action
m433;the matrix;1999;8.70;389480;adventure
m433;the matrix;1999;8.70;389480;adventure
m433;the matrix;1999;8.70;389480;adventure
m433;the matrix;1999;8.70;389480;sci-fi
m434;halloween iii: season of the witch;1982;3.80;13037;horror
m434;halloween iii: season of the witch;1982;3.80;13037;mystery
m434;halloween iii: season of the witch;1982;3.80;13037;sci-fi
m435;meet joe black;1998;6.90;56839;drama
m435;meet joe black;1998;6.90;56839;fantasy
m435;meet joe black;1998;6.90;56839;mystery
m435;meet joe black;1998;6.90;56839;romance
m436;memento;2000;8.70;281027;crime
m436;memento;2000;8.70;281027;drama
m436;memento;2000;8.70;281027;mystery
m436;memento;2000;8.70;281027;thriller
m437;miami vice;2006;6.00;52448;action
m437;miami vice;2006;6.00;52448;crime
m437;miami vice;2006;6.00;52448;drama
m437;miami vice;2006;6.00;52448;thriller
m438;midnight cowboy;1969;8.00;34405;drama
m439;midnight express;1978;7.60;24103;biography
m439;midnight express;1978;7.60;24103;crime
m439;midnight express;1978;7.60;24103;drama
m439;midnight express;1978;7.60;24103;thriller
m440;mimic;1997;5.70;14916;drama
m440;mimic;1997;5.70;14916;horror
m440;mimic;1997;5.70;14916;sci-fi
m441;misery;1990;7.80;41563;thriller
m442;mission: impossible ii;2000;5.70;86452;action
m442;mission: impossible ii;2000;5.70;86452;adventure
m442;mission: impossible ii;2000;5.70;86452;thriller
m443;mission: impossible;1996;6.90;87677;action
m443;mission: impossible;1996;6.90;87677;adventure
m443;mission: impossible;1996;6.90;87677;thriller
m444;moonstruck;1987;7.10;15879;comedy
m444;moonstruck;1987;7.10;15879;romance
m444;moonstruck;1987;7.10;15879;drama
m445;monty python and the holy grail;1975;8.40;157683;adventure
m445;monty python and the holy grail;1975;8.40;157683;comedy
m446;mrs brown;1997;7.20;5701;biography
m446;mrs brown;1997;7.20;5701;drama
m446;mrs brown;1997;7.20;5701;history
m446;mrs brown;1997;7.20;5701;romance
m447;arcade;1993;4.60;668;sci-fi
m448;mulholland dr.;2001;8.00;105859;drama
m448;mulholland dr.;2001;8.00;105859;mystery
m448;mulholland dr.;2001;8.00;105859;thriller
m449;"murderland";2009;5.80;88;crime
m449;"murderland";2009;5.80;88;drama
m449;"murderland";2009;5.80;88;mystery
m450;my girl 2;1994;4.80;5689;comedy
m450;my girl 2;1994;4.80;5689;drama
m450;my girl 2;1994;4.80;5689;family
m450;my girl 2;1994;4.80;5689;romance
m451;my girl;1991;6.40;17967;comedy
m451;my girl;1991;6.40;17967;drama
m451;my girl;1991;6.40;17967;family
m451;my girl;1991;6.40;17967;romance
m452;my best friend's wedding;1997;6.20;37682;comedy
m452;my best friend's wedding;1997;6.20;37682;romance
m453;nashville;1975;7.70;9315;drama
m453;nashville;1975;7.70;9315;music
m454;natural born killers;1994;7.10;73047;action
m454;natural born killers;1994;7.10;73047;crime
m454;natural born killers;1994;7.10;73047;drama
m454;natural born killers;1994;7.10;73047;romance
m454;natural born killers;1994;7.10;73047;thriller
m455;nothing but a man;1964;7.80;448;drama
m455;nothing but a man;1964;7.80;448;romance
m456;the negotiator;1998;7.20;46983;action
m456;the negotiator;1998;7.20;46983;crime
m456;the negotiator;1998;7.20;46983;drama
m456;the negotiator;1998;7.20;46983;mystery
m456;the negotiator;1998;7.20;46983;thriller
m457;neuromancer;1988;9.30;48;action
m457;neuromancer;1988;9.30;48;adventure
m457;neuromancer;1988;9.30;48;animation
m457;neuromancer;1988;9.30;48;sci-fi
m458;never been kissed;1999;5.70;27409;comedy
m458;never been kissed;1999;5.70;27409;drama
m458;never been kissed;1999;5.70;27409;romance
m459;the nightmare before christmas;1993;8.00;81753;animation
m459;the nightmare before christmas;1993;8.00;81753;family
m459;the nightmare before christmas;1993;8.00;81753;fantasy
m459;the nightmare before christmas;1993;8.00;81753;musical
m460;a nightmare on elm street part 2: freddy's revenge;1985;4.90;16582;fantasy
m460;a nightmare on elm street part 2: freddy's revenge;1985;4.90;16582;horror
m460;a nightmare on elm street part 2: freddy's revenge;1985;4.90;16582;thriller
m461;a nightmare on elm street 3: dream warriors;1987;6.30;17734;fantasy
m461;a nightmare on elm street 3: dream warriors;1987;6.30;17734;horror
m461;a nightmare on elm street 3: dream warriors;1987;6.30;17734;thriller
m462;notting hill;1999;6.90;67217;comedy
m462;notting hill;1999;6.90;67217;romance
m463;one flew over the cuckoo's nest;1975;8.90;219739;drama
m464;only you;1994;6.20;6620;comedy
m464;only you;1994;6.20;6620;romance
m465;on the waterfront;1954;8.40;42010;crime
m465;on the waterfront;1954;8.40;42010;drama
m465;on the waterfront;1954;8.40;42010;romance
m466;orgy of the dead;1965;2.50;1395;fantasy
m466;orgy of the dead;1965;2.50;1395;horror
m467;out of sight;1998;7.20;38595;comedy
m467;out of sight;1998;7.20;38595;crime
m467;out of sight;1998;7.20;38595;romance
m467;out of sight;1998;7.20;38595;thriller
m468;pearl harbor;2001;5.40;97519;action
m468;pearl harbor;2001;5.40;97519;drama
m468;pearl harbor;2001;5.40;97519;romance
m468;pearl harbor;2001;5.40;97519;war
m469;peggy sue got married;1986;6.30;12574;comedy
m469;peggy sue got married;1986;6.30;12574;drama
m469;peggy sue got married;1986;6.30;12574;fantasy
m469;peggy sue got married;1986;6.30;12574;romance
m470;pet sematary ii;1992;4.20;6014;action
m470;pet sematary ii;1992;4.20;6014;horror
m470;pet sematary ii;1992;4.20;6014;thriller
m471;philadelphia;1993;7.60;54221;drama
m472;pitch black;2000;7.00;55982;action
m472;pitch black;2000;7.00;55982;sci-fi
m472;pitch black;2000;7.00;55982;thriller
m473;planet of the apes;2001;5.50;73596;action
m473;planet of the apes;2001;5.50;73596;adventure
m473;planet of the apes;2001;5.50;73596;sci-fi
m473;planet of the apes;2001;5.50;73596;thriller
m473;planet of the apes;2001;5.50;73596;animation
m473;planet of the apes;2001;5.50;73596;action
m473;planet of the apes;2001;5.50;73596;adventure
m473;planet of the apes;2001;5.50;73596;sci-fi
m474;platoon;1986;8.20;110867;action
m474;platoon;1986;8.20;110867;drama
m474;platoon;1986;8.20;110867;war
m475;playback;1996;3.60;164;thriller
m476;the ploughman's lunch;1983;6.80;154;drama
m477;point break;1991;6.90;37722;action
m477;point break;1991;6.90;37722;adventure
m477;point break;1991;6.90;37722;crime
m477;point break;1991;6.90;37722;drama
m477;point break;1991;6.90;37722;sport
m477;point break;1991;6.90;37722;thriller
m478;predator;1987;7.80;90730;action
m478;predator;1987;7.80;90730;adventure
m478;predator;1987;7.80;90730;sci-fi
m478;predator;1987;7.80;90730;thriller
m479;pretty woman;1990;6.70;61642;comedy
m479;pretty woman;1990;6.70;61642;romance
m480;the princess bride;1987;8.10;125281;adventure
m480;the princess bride;1987;8.10;125281;comedy
m480;the princess bride;1987;8.10;125281;family
m480;the princess bride;1987;8.10;125281;fantasy
m480;the princess bride;1987;8.10;125281;romance
m481;the producers;1968;7.70;19432;comedy
m482;psycho;1960;8.70;146915;drama
m482;psycho;1960;8.70;146915;horror
m482;psycho;1960;8.70;146915;mystery
m482;psycho;1960;8.70;146915;thriller
m482;psycho;1960;8.70;146915;thriller
m483;maniac;1980;6.20;3382;drama
m483;maniac;1980;6.20;3382;horror
m483;maniac;1980;6.20;3382;thriller
m484;vampyr;1932;7.60;4005;fantasy
m484;vampyr;1932;7.60;4005;horror
m485;mystery of the wax museum;1933;6.80;1740;horror
m485;mystery of the wax museum;1933;6.80;1740;mystery
m485;mystery of the wax museum;1933;6.80;1740;thriller
m486;quantum project;2000;4.80;47;short
m486;quantum project;2000;4.80;47;adventure
m486;quantum project;2000;4.80;47;drama
m486;quantum project;2000;4.80;47;romance
m487;rambling rose;1991;6.60;2631;drama
m488;red white black & blue;2006;6.30;37;documentary
m489;star wars: episode vi - return of the jedi;1983;8.30;215058;action
m489;star wars: episode vi - return of the jedi;1983;8.30;215058;adventure
m489;star wars: episode vi - return of the jedi;1983;8.30;215058;fantasy
m489;star wars: episode vi - return of the jedi;1983;8.30;215058;sci-fi
m490;the rocky horror picture show;1975;7.10;42713;comedy
m490;the rocky horror picture show;1975;7.10;42713;musical
m491;rocky;1976;8.10;100022;drama
m491;rocky;1976;8.10;100022;romance
m491;rocky;1976;8.10;100022;sport
m492;who framed roger rabbit;1988;7.60;54375;animation
m492;who framed roger rabbit;1988;7.60;54375;comedy
m492;who framed roger rabbit;1988;7.60;54375;crime
m492;who framed roger rabbit;1988;7.60;54375;family
m492;who framed roger rabbit;1988;7.60;54375;fantasy
m492;who framed roger rabbit;1988;7.60;54375;mystery
m492;who framed roger rabbit;1988;7.60;54375;animation
m492;who framed roger rabbit;1988;7.60;54375;adventure
m492;who framed roger rabbit;1988;7.60;54375;action
m492;who framed roger rabbit;1988;7.60;54375;fantasy
m493;romeo and juliet;1968;7.80;12360;drama
m493;romeo and juliet;1968;7.80;12360;romance
m494;ronin;1998;7.20;58201;action
m494;ronin;1998;7.20;58201;crime
m494;ronin;1998;7.20;58201;thriller
m495;route 9;1998;6.00;557;crime
m495;route 9;1998;6.00;557;drama
m496;rush hour 2;2001;6.50;52716;action
m496;rush hour 2;2001;6.50;52716;comedy
m496;rush hour 2;2001;6.50;52716;crime
m496;rush hour 2;2001;6.50;52716;thriller
m497;rush hour;1998;6.80;56376;action
m497;rush hour;1998;6.80;56376;comedy
m497;rush hour;1998;6.80;56376;thriller
m497;rush hour;1998;6.80;56376;crime
m498;runaway bride;1999;5.20;28793;comedy
m498;runaway bride;1999;5.20;28793;romance
m499;sleepless in seattle;1993;6.60;44179;comedy
m499;sleepless in seattle;1993;6.60;44179;romance
m499;sleepless in seattle;1993;6.60;44179;drama
m500;salt of the earth;1954;7.60;1085;drama
m500;salt of the earth;1954;7.60;1085;history
m501;the salton sea;2002;7.10;16669;crime
m501;the salton sea;2002;7.10;16669;drama
m501;the salton sea;2002;7.10;16669;mystery
m501;the salton sea;2002;7.10;16669;thriller
m502;saving private ryan;1998;8.50;275666;action
m502;saving private ryan;1998;8.50;275666;drama
m502;saving private ryan;1998;8.50;275666;history
m502;saving private ryan;1998;8.50;275666;war
m503;say anything...;1989;7.50;25220;comedy
m503;say anything...;1989;7.50;25220;drama
m503;say anything...;1989;7.50;25220;romance
m504;schindler's list;1993;8.90;282473;biography
m504;schindler's list;1993;8.90;282473;drama
m504;schindler's list;1993;8.90;282473;history
m504;schindler's list;1993;8.90;282473;war
m505;scream 2;1997;5.90;48988;horror
m505;scream 2;1997;5.90;48988;mystery
m505;scream 2;1997;5.90;48988;thriller
m506;scream 3;2000;5.30;38870;horror
m506;scream 3;2000;5.30;38870;mystery
m506;scream 3;2000;5.30;38870;thriller
m507;scream;1996;7.20;92543;crime
m507;scream;1996;7.20;92543;horror
m507;scream;1996;7.20;92543;mystery
m507;scream;1996;7.20;92543;thriller
m508;seven;1979;6.10;259;action
m508;seven;1979;6.10;259;drama
m509;the searchers;1956;8.10;30138;adventure
m509;the searchers;1956;8.10;30138;drama
m509;the searchers;1956;8.10;30138;western
m510;seven days to live;2000;5.20;1150;drama
m510;seven days to live;2000;5.20;1150;horror
m510;seven days to live;2000;5.20;1150;thriller
m511;shakespeare in love;1998;7.40;78654;comedy
m511;shakespeare in love;1998;7.40;78654;drama
m511;shakespeare in love;1998;7.40;78654;romance
m512;shallow grave;1994;7.40;21611;comedy
m512;shallow grave;1994;7.40;21611;crime
m512;shallow grave;1994;7.40;21611;drama
m512;shallow grave;1994;7.40;21611;thriller
m513;shampoo;1975;6.20;4406;drama
m513;shampoo;1975;6.20;4406;romance
m514;the shining;1980;8.50;182077;horror
m514;the shining;1980;8.50;182077;mystery
m514;the shining;1980;8.50;182077;thriller
m515;silver bullet;1985;5.90;6498;adventure
m515;silver bullet;1985;5.90;6498;drama
m515;silver bullet;1985;5.90;6498;horror
m515;silver bullet;1985;5.90;6498;mystery
m515;silver bullet;1985;5.90;6498;thriller
m516;sister act;1992;5.90;25196;comedy
m516;sister act;1992;5.90;25196;crime
m516;sister act;1992;5.90;25196;music
m517;sleepy hollow;1999;7.50;108951;fantasy
m517;sleepy hollow;1999;7.50;108951;mystery
m517;sleepy hollow;1999;7.50;108951;thriller
m518;sling blade;1996;8.00;42087;drama
m519;smoke;1995;7.50;15482;comedy
m519;smoke;1995;7.50;15482;drama
m520;snow falling on cedars;1999;6.70;8483;drama
m520;snow falling on cedars;1999;6.70;8483;mystery
m520;snow falling on cedars;1999;6.70;8483;romance
m520;snow falling on cedars;1999;6.70;8483;thriller
m521;soldier;1998;5.60;16446;action
m521;soldier;1998;5.60;16446;drama
m521;soldier;1998;5.60;16446;sci-fi
m522;some like it hot;1959;8.40;68749;comedy
m523;the wedding date;2005;5.50;12340;comedy
m523;the wedding date;2005;5.50;12340;romance
m524;sounder;1972;7.80;1298;drama
m525;south park: bigger longer & uncut;1999;7.80;80257;animation
m525;south park: bigger longer & uncut;1999;7.80;80257;comedy
m525;south park: bigger longer & uncut;1999;7.80;80257;musical
m526;spacejacked;1997;2.90;105;action
m526;spacejacked;1997;2.90;105;sci-fi
m527;spare me;1992;5.80;26;thriller
m528;sphere;1998;5.60;31924;drama
m528;sphere;1998;5.60;31924;horror
m528;sphere;1998;5.60;31924;mystery
m528;sphere;1998;5.60;31924;sci-fi
m528;sphere;1998;5.60;31924;thriller
m529;star wars;1977;8.80;326619;action
m529;star wars;1977;8.80;326619;adventure
m529;star wars;1977;8.80;326619;fantasy
m529;star wars;1977;8.80;326619;sci-fi
m530;starship troopers;1997;7.10;84874;action
m530;starship troopers;1997;7.10;84874;adventure
m530;starship troopers;1997;7.10;84874;sci-fi
m530;starship troopers;1997;7.10;84874;thriller
m531;star trek: the motion picture;1979;6.20;25723;adventure
m531;star trek: the motion picture;1979;6.20;25723;fantasy
m531;star trek: the motion picture;1979;6.20;25723;mystery
m531;star trek: the motion picture;1979;6.20;25723;sci-fi
m532;state and main;2000;6.80;13163;comedy
m532;state and main;2000;6.80;13163;drama
m533;stepmom;1998;6.20;18714;comedy
m533;stepmom;1998;6.20;18714;drama
m534;storytelling;2001;6.70;9677;comedy
m534;storytelling;2001;6.70;9677;drama
m535;stranglehold;2007;8.60;907;action
m535;stranglehold;2007;8.60;907;adventure
m535;stranglehold;2007;8.60;907;crime
m536;dr. strangelove or: how i learned to stop worrying and love the bomb;1964;8.60;158529;comedy
m536;dr. strangelove or: how i learned to stop worrying and love the bomb;1964;8.60;158529;drama
m537;suburbia;1996;6.50;4552;comedy
m537;suburbia;1996;6.50;4552;drama
m538;sugar & spice;2001;5.20;6981;comedy
m538;sugar & spice;2001;5.20;6981;crime
m539;sunset blvd.;1950;8.70;55994;drama
m539;sunset blvd.;1950;8.70;55994;film-noir
m540;supergirl;1984;4.10;6576;action
m540;supergirl;1984;4.10;6576;adventure
m540;supergirl;1984;4.10;6576;sci-fi
m541;superman iii;1983;4.70;18340;action
m541;superman iii;1983;4.70;18340;adventure
m541;superman iii;1983;4.70;18340;comedy
m541;superman iii;1983;4.70;18340;fantasy
m541;superman iii;1983;4.70;18340;sci-fi
m542;superman ii;1980;6.70;29941;action
m542;superman ii;1980;6.70;29941;adventure
m542;superman ii;1980;6.70;29941;fantasy
m542;superman ii;1980;6.70;29941;romance
m542;superman ii;1980;6.70;29941;sci-fi
m543;superman iv: the quest for peace;1987;3.40;15332;action
m543;superman iv: the quest for peace;1987;3.40;15332;adventure
m543;superman iv: the quest for peace;1987;3.40;15332;family
m543;superman iv: the quest for peace;1987;3.40;15332;fantasy
m543;superman iv: the quest for peace;1987;3.40;15332;sci-fi
m544;superman;1978;7.30;51172;action
m544;superman;1978;7.30;51172;family
m544;superman;1978;7.30;51172;sci-fi
m545;the sweet hereafter;1997;7.80;16463;drama
m546;sweet smell of success;1957;8.20;9014;drama
m546;sweet smell of success;1957;8.20;9014;film-noir
m547;terminator 2: judgment day;1991;8.50;243230;action
m547;terminator 2: judgment day;1991;8.50;243230;sci-fi
m547;terminator 2: judgment day;1991;8.50;243230;thriller
m548;taking sides;2001;7.20;1950;drama
m548;taking sides;2001;7.20;1950;music
m548;taking sides;2001;7.20;1950;war
m549;the terminator;1984;8.10;183538;action
m549;the terminator;1984;8.10;183538;sci-fi
m549;the terminator;1984;8.10;183538;thriller
m550;the game;1997;7.70;75861;drama
m550;the game;1997;7.70;75861;mystery
m550;the game;1997;7.70;75861;thriller
m551;the haunting;1999;4.60;32086;horror
m551;the haunting;1999;4.60;32086;thriller
m551;the haunting;1999;4.60;32086;mystery
m552;the limey;1999;7.00;15465;crime
m552;the limey;1999;7.00;15465;drama
m552;the limey;1999;7.00;15465;mystery
m552;the limey;1999;7.00;15465;thriller
m553;the man who wasn't there;2001;7.70;41452;crime
m553;the man who wasn't there;2001;7.70;41452;drama
m554;the relic;1997;5.40;10340;horror
m554;the relic;1997;5.40;10340;mystery
m554;the relic;1997;5.40;10340;thriller
m555;the truman show;1998;8.00;160825;drama
m556;the x files;1998;6.80;39090;crime
m556;the x files;1998;6.80;39090;horror
m556;the x files;1998;6.80;39090;mystery
m556;the x files;1998;6.80;39090;sci-fi
m556;the x files;1998;6.80;39090;thriller
m557;the cell;2000;6.20;37417;drama
m557;the cell;2000;6.20;37417;fantasy
m557;the cell;2000;6.20;37417;horror
m557;the cell;2000;6.20;37417;sci-fi
m557;the cell;2000;6.20;37417;thriller
m558;the third man;1949;8.50;51872;film-noir
m558;the third man;1949;8.50;51872;mystery
m558;the third man;1949;8.50;51872;thriller
m559;the beach;2000;6.30;55734;adventure
m559;the beach;2000;6.30;55734;drama
m559;the beach;2000;6.30;55734;romance
m559;the beach;2000;6.30;55734;thriller
m560;the believer;2001;7.30;11345;drama
m561;le grand bleu;1988;7.40;18313;adventure
m561;le grand bleu;1988;7.40;18313;drama
m561;le grand bleu;1988;7.40;18313;romance
m562;the hebrew hammer;2003;6.20;2900;comedy
m563;the leopard man;1943;6.90;1518;drama
m563;the leopard man;1943;6.90;1518;horror
m563;the leopard man;1943;6.90;1518;mystery
m563;the leopard man;1943;6.90;1518;thriller
m564;the lost son;1999;6.50;911;crime
m564;the lost son;1999;6.50;911;drama
m564;the lost son;1999;6.50;911;romance
m564;the lost son;1999;6.50;911;thriller
m565;the messenger;2009;7.40;9224;drama
m565;the messenger;2009;7.40;9224;romance
m565;the messenger;2009;7.40;9224;war
m566;the pianist;2002;8.50;138080;biography
m566;the pianist;2002;8.50;138080;drama
m566;the pianist;2002;8.50;138080;war
m567;the piano;1993;7.50;28525;drama
m567;the piano;1993;7.50;28525;romance
m568;the sting;1973;8.40;67231;comedy
m568;the sting;1973;8.40;67231;crime
m568;the sting;1973;8.40;67231;drama
m569;the thin man;1934;8.10;11936;comedy
m569;the thin man;1934;8.10;11936;crime
m569;the thin man;1934;8.10;11936;drama
m569;the thin man;1934;8.10;11936;mystery
m569;the thin man;1934;8.10;11936;romance
m570;three kings;1999;7.30;69757;action
m570;three kings;1999;7.30;69757;adventure
m570;three kings;1999;7.30;69757;comedy
m570;three kings;1999;7.30;69757;drama
m570;three kings;1999;7.30;69757;war
m571;thx 1138;1971;6.80;15741;drama
m571;thx 1138;1971;6.80;15741;mystery
m571;thx 1138;1971;6.80;15741;sci-fi
m571;thx 1138;1971;6.80;15741;thriller
m572;ticker;2001;3.30;3933;action
m572;ticker;2001;3.30;3933;thriller
m572;ticker;2001;3.30;3933;crime
m573;trouble in paradise;1932;8.20;4781;comedy
m573;trouble in paradise;1932;8.20;4781;crime
m573;trouble in paradise;1932;8.20;4781;romance
m574;titanic;1997;7.40;244771;drama
m574;titanic;1997;7.40;244771;history
m574;titanic;1997;7.40;244771;romance
m575;transatlantic merry-go-round;1934;6.90;53;comedy
m575;transatlantic merry-go-round;1934;6.90;53;musical
m575;transatlantic merry-go-round;1934;6.90;53;mystery
m575;transatlantic merry-go-round;1934;6.90;53;romance
m576;tombstone;1993;7.70;44204;action
m576;tombstone;1993;7.70;44204;drama
m576;tombstone;1993;7.70;44204;history
m576;tombstone;1993;7.70;44204;romance
m576;tombstone;1993;7.70;44204;western
m577;tomorrow never dies;1997;6.40;47198;action
m577;tomorrow never dies;1997;6.40;47198;adventure
m577;tomorrow never dies;1997;6.40;47198;thriller
m578;to sleep with anger;1990;6.80;490;drama
m579;toy story;1995;8.20;156231;animation
m579;toy story;1995;8.20;156231;adventure
m579;toy story;1995;8.20;156231;comedy
m579;toy story;1995;8.20;156231;family
m579;toy story;1995;8.20;156231;fantasy
m580;the magic toyshop;1987;6.20;90;fantasy
m581;traffic;2000;7.80;86662;crime
m581;traffic;2000;7.80;86662;drama
m581;traffic;2000;7.80;86662;thriller
m582;trainspotting;1996;8.20;153782;crime
m582;trainspotting;1996;8.20;153782;drama
m583;star trek v: the final frontier;1989;5.00;20749;action
m583;star trek v: the final frontier;1989;5.00;20749;adventure
m583;star trek v: the final frontier;1989;5.00;20749;sci-fi
m583;star trek v: the final frontier;1989;5.00;20749;thriller
m584;tron;1982;6.70;25903;action
m584;tron;1982;6.70;25903;adventure
m584;tron;1982;6.70;25903;sci-fi
m584;tron;1982;6.70;25903;thriller
m584;tron;1982;6.70;25903;sci-fi
m585;true lies;1994;7.20;81801;action
m585;true lies;1994;7.20;81801;thriller
m586;true romance;1993;7.90;74762;crime
m586;true romance;1993;7.90;74762;romance
m586;true romance;1993;7.90;74762;thriller
m587;twelve monkeys;1995;8.10;173320;mystery
m587;twelve monkeys;1995;8.10;173320;sci-fi
m587;twelve monkeys;1995;8.10;173320;thriller
m588;u-turn;1973;5.80;37;drama
m589;u turn;1997;6.70;25388;crime
m589;u turn;1997;6.70;25388;drama
m589;u turn;1997;6.70;25388;thriller
m590;unbreakable;2000;7.30;98767;drama
m590;unbreakable;2000;7.30;98767;fantasy
m590;unbreakable;2000;7.30;98767;mystery
m590;unbreakable;2000;7.30;98767;thriller
m591;unforgiven;1992;8.30;101270;drama
m591;unforgiven;1992;8.30;101270;western
m592;the usual suspects;1995;8.70;272137;crime
m592;the usual suspects;1995;8.70;272137;mystery
m592;the usual suspects;1995;8.70;272137;thriller
m593;verdict;1974;5.70;135;drama
m594;vertigo;1958;8.60;93524;crime
m594;vertigo;1958;8.60;93524;mystery
m594;vertigo;1958;8.60;93524;romance
m594;vertigo;1958;8.60;93524;thriller
m595;very bad things;1998;6.00;22977;comedy
m595;very bad things;1998;6.00;22977;crime
m595;very bad things;1998;6.00;22977;thriller
m596;viridiana;1961;8.20;6288;drama
m597;virtuosity;1995;5.30;11191;action
m597;virtuosity;1995;5.30;11191;crime
m597;virtuosity;1995;5.30;11191;sci-fi
m597;virtuosity;1995;5.30;11191;thriller
m598;wag the dog;1997;7.10;36448;comedy
m598;wag the dog;1997;7.10;36448;drama
m599;wall street;1987;7.30;39082;crime
m599;wall street;1987;7.30;39082;drama
m600;waxwork;1988;6.00;2596;comedy
m600;waxwork;1988;6.00;2596;fantasy
m600;waxwork;1988;6.00;2596;horror
m601;what lies beneath;2000;6.50;46195;drama
m601;what lies beneath;2000;6.50;46195;horror
m601;what lies beneath;2000;6.50;46195;mystery
m601;what lies beneath;2000;6.50;46195;thriller
m602;what women want;2000;6.30;55269;comedy
m602;what women want;2000;6.30;55269;fantasy
m602;what women want;2000;6.30;55269;romance
m603;the witching hour;1996;6.50;69;documentary
m603;the witching hour;1996;6.50;69;short
m604;white angel;1994;4.40;99;drama
m604;white angel;1994;4.40;99;thriller
m605;who's your daddy?;2003;4.50;2267;comedy
m606;wild things;1998;6.60;40523;crime
m606;wild things;1998;6.60;40523;mystery
m606;wild things;1998;6.60;40523;thriller
m607;wild wild west;1999;4.30;54943;action
m607;wild wild west;1999;4.30;54943;western
m607;wild wild west;1999;4.30;54943;comedy
m607;wild wild west;1999;4.30;54943;sci-fi
m608;willow;1988;7.10;33506;action
m608;willow;1988;7.10;33506;adventure
m608;willow;1988;7.10;33506;drama
m608;willow;1988;7.10;33506;fantasy
m608;willow;1988;7.10;33506;romance
m609;witness;1985;7.60;30705;drama
m609;witness;1985;7.60;30705;romance
m609;witness;1985;7.60;30705;thriller
m610;the wizard of oz;1939;8.30;104873;adventure
m610;the wizard of oz;1939;8.30;104873;family
m610;the wizard of oz;1939;8.30;104873;fantasy
m610;the wizard of oz;1939;8.30;104873;musical
m611;the world is not enough;1999;6.30;60047;action
m611;the world is not enough;1999;6.30;60047;adventure
m611;the world is not enough;1999;6.30;60047;thriller
m612;watchmen;2009;7.80;135229;action
m612;watchmen;2009;7.80;135229;crime
m612;watchmen;2009;7.80;135229;fantasy
m612;watchmen;2009;7.80;135229;mystery
m612;watchmen;2009;7.80;135229;sci-fi
m612;watchmen;2009;7.80;135229;thriller
m613;xxx;2002;5.60;53505;action
m613;xxx;2002;5.60;53505;adventure
m613;xxx;2002;5.60;53505;crime
m614;x-men;2000;7.40;122149;action
m614;x-men;2000;7.40;122149;sci-fi
m615;young frankenstein;1974;8.00;57618;comedy
m615;young frankenstein;1974;8.00;57618;sci-fi
m616;zulu dawn;1979;6.40;1911;action
m616;zulu dawn;1979;6.40;1911;adventure
m616;zulu dawn;1979;6.40;1911;drama
m616;zulu dawn;1979;6.40;1911;history
m616;zulu dawn;1979;6.40;1911;war
